i,v1,v2lin,v3
0,0,0,0
1,0,1,0
2,0,2,0
3,1,0,0
4,0,3,0
5,1,1,0
6,0,4,0
7,1,2,0
8,2,0,0
9,1,3,0
10,0,5,0
11,2,1,0
12,1,4,0
13,0,6,0
14,3,0,0
15,1,5,0
16,0,7,0
17,2,3,0
18,3,1,0
19,1,6,0
20,3,2,0
21,0,8,0
22,2,4,0
23,4,0,0
24,4,1,0
25,2,5,0
26,0,9,0
27,4,2,0
28,3,3,0
29,5,0,0
30,1,7,0
31,0,10,0
32,3,4,0
33,5,1,0
34,3,5,0
35,1,8,0
36,2,6,0
37,0,11,0
38,4,3,0
39,5,2,0
40,6,0,0
41,2,7,0
42,1,9,0
43,4,4,0
44,0,12,0
45,6,1,0
46,3,6,0
47,1,10,0
48,5,3,0
49,2,8,0
50,7,0,0
51,3,7,0
52,5,4,0
53,6,2,0
54,4,5,0
55,0,0,1
56,1,11,0
57,7,1,0
58,4,6,0
59,2,9,0
60,0,13,0
61,0,1,1
62,6,3,0
63,3,8,0
64,1,12,0
65,4,7,0
66,8,0,0
67,0,2,1
68,6,4,0
69,5,5,0
70,2,10,0
71,0,14,0
72,7,2,0
73,1,0,1
74,5,6,0
75,8,1,0
76,0,3,1
77,3,9,0
78,7,3,0
79,1,1,1
80,2,11,0
81,4,8,0
82,0,4,1
83,5,7,0
84,0,15,0
85,9,0,0
86,7,6,0
87,1,13,0
88,7,4,0
89,6,5,0
90,1,2,1
91,3,10,0
92,8,2,0
93,6,6,0
94,2,12,0
95,2,0,1
96,0,5,1
97,9,1,0
98,8,3,0
99,7,7,0
100,0,16,0
101,1,3,1
102,1,14,0
103,3,11,0
104,2,1,1
105,10,0,0
106,8,6,0
107,8,4,0
108,0,6,1
109,2,13,0
110,7,8,0
111,4,9,0
112,2,2,1
113,1,4,1
114,9,2,0
115,0,17,0
116,1,15,0
117,9,3,0
118,10,1,0
119,7,5,0
120,1,5,1
121,0,7,1
122,8,7,0
123,3,0,1
124,4,10,0
125,7,9,0
126,3,12,0
127,11,0,0
128,9,4,0
129,3,1,1
130,0,18,0
131,5,8,0
132,10,2,0
133,1,16,0
134,8,8,0
135,7,10,0
136,2,14,0
137,4,11,0
138,6,7,0
139,2,3,1
140,3,2,1
141,11,1,0
142,0,8,1
143,9,7,0
144,3,13,0
145,2,4,1
146,9,5,0
147,5,9,0
148,4,0,1
149,8,9,0
150,0,19,0
151,1,17,0
152,10,3,0
153,12,0,0
154,2,15,0
155,8,5,0
156,6,8,0
157,11,2,0
158,1,6,1
159,11,3,0
160,4,1,1
161,1,7,1
162,2,16,0
163,7,11,0
164,0,9,1
165,9,8,0
166,8,10,0
167,5,10,0
168,4,2,1
169,3,3,1
170,4,12,0
171,12,1,0
172,2,5,1
173,11,5,0
174,1,18,0
175,6,9,0
176,8,11,0
177,3,14,0
178,10,7,0
179,0,20,0
180,5,0,1
181,12,2,0
182,5,11,0
183,3,4,1
184,11,4,0
185,10,4,0
186,1,8,1
187,13,0,0
188,0,10,1
189,4,13,0
190,2,6,1
191,9,6,0
192,6,10,0
193,5,1,1
194,2,7,1
195,4,3,1
196,5,12,0
197,2,17,0
198,1,19,0
199,3,15,0
200,0,21,0
201,9,9,0
202,13,1,0
203,3,5,1
204,0,11,1
205,4,14,0
206,13,2,0
207,11,7,0
208,12,3,0
209,6,11,0
210,12,4,0
211,10,5,0
212,10,8,0
213,1,9,1
214,4,4,1
215,3,6,1
216,14,0,0
217,6,0,1
218,5,13,0
219,10,6,0
220,12,6,0
221,3,16,0
222,2,18,0
223,9,10,0
224,6,1,1
225,5,2,1
226,1,20,0
227,0,12,1
228,0,22,0
229,4,5,1
230,2,8,1
231,8,12,0
232,5,3,1
233,6,12,0
234,6,15,0
235,10,9,0
236,1,10,1
237,14,1,0
238,5,6,1
239,14,2,0
240,3,7,1
241,5,14,0
242,12,7,0
243,0,0,2
244,9,11,0
245,4,15,0
246,11,8,0
247,15,0,0
248,7,0,1
249,5,4,1
250,2,9,1
251,3,17,0
252,7,14,0
253,2,19,0
254,0,13,1
255,6,13,0
256,11,6,0
257,1,21,0
258,13,6,0
259,8,13,0
260,10,10,0
261,13,3,0
262,6,16,0
263,0,1,2
264,6,2,1
265,6,5,1
266,7,1,1
267,1,11,1
268,0,23,0
269,9,12,0
270,6,3,1
271,3,8,1
272,7,15,0
273,11,9,0
274,0,2,2
275,4,6,1
276,15,1,0
277,5,5,1
278,2,10,1
279,6,6,1
280,8,14,0
281,14,4,0
282,4,7,1
283,0,14,1
284,13,7,0
285,6,14,0
286,14,5,0
287,4,16,0
288,10,11,0
289,12,8,0
290,5,18,0
291,2,20,0
292,16,0,0
293,6,4,1
294,6,17,0
295,8,0,1
296,3,9,1
297,1,12,1
298,3,18,0
299,1,0,2
300,1,22,0
301,0,3,2
302,13,4,0
303,9,13,0
304,15,2,0
305,14,6,0
306,14,3,0
307,11,10,0
308,7,16,0
309,5,15,0
310,7,2,1
311,7,5,1
312,6,7,1
313,0,24,0
314,13,8,0
315,1,1,2
316,10,12,0
317,2,11,1
318,12,9,0
319,7,3,1
320,0,4,2
321,8,15,0
322,0,15,1
323,4,8,1
324,16,1,0
325,8,1,1
326,1,13,1
327,15,5,0
328,9,14,0
329,2,21,0
330,3,10,1
331,14,7,0
332,11,11,0
333,7,12,0
334,4,17,0
335,5,7,1
336,1,2,2
337,7,6,1
338,6,18,0
339,17,0,0
340,7,17,0
341,1,23,0
342,15,3,0
343,7,13,0
344,15,6,0
345,9,0,1
346,2,12,1
347,2,22,0
348,12,10,0
349,0,16,1
350,2,0,2
351,1,3,2
352,7,4,1
353,8,16,0
354,8,2,1
355,12,12,0
356,1,14,1
357,13,9,0
358,3,19,0
359,5,20,0
360,9,15,0
361,16,2,0
362,8,3,1
363,0,5,2
364,3,11,1
365,17,1,0
366,0,25,0
367,0,6,2
368,2,1,2
369,6,19,0
370,16,5,0
371,19,5,0
372,9,1,1
373,15,11,0
374,14,8,0
375,10,14,0
376,12,11,0
377,5,16,0
378,2,13,1
379,18,0,0
380,7,18,0
381,8,6,1
382,17,4,0
383,0,17,1
384,9,2,1
385,2,2,2
386,16,3,0
387,5,19,0
388,4,9,1
389,8,5,1
390,7,9,1
391,15,7,0
392,10,13,0
393,13,10,0
394,0,26,0
395,10,0,1
396,1,15,1
397,11,12,0
398,8,17,0
399,3,22,0
400,8,8,1
401,9,16,0
402,16,6,0
403,14,9,0
404,8,4,1
405,17,2,0
406,3,0,2
407,18,1,0
408,9,5,1
409,5,21,0
410,6,20,0
411,9,3,1
412,2,3,2
413,1,4,2
414,11,13,0
415,3,20,0
416,17,5,0
417,1,24,0
418,5,8,1
419,2,23,0
420,15,8,0
421,7,19,0
422,16,11,0
423,3,12,1
424,10,1,1
425,0,18,1
426,0,7,2
427,1,5,2
428,19,0,0
429,3,1,2
430,5,17,0
431,1,16,1
432,8,18,0
433,4,18,0
434,17,3,0
435,1,6,2
436,10,15,0
437,7,10,1
438,16,7,0
439,12,13,0
440,2,14,1
441,14,10,0
442,8,9,1
443,11,0,1
444,4,10,1
445,0,8,2
446,10,2,1
447,3,2,2
448,9,17,0
449,11,14,0
450,21,2,0
451,2,26,0
452,10,16,0
453,17,6,0
454,3,25,0
455,4,20,0
456,14,12,0
457,18,2,0
458,0,27,0
459,15,9,0
460,19,1,0
461,3,13,1
462,18,5,0
463,0,19,1
464,10,5,1
465,1,25,0
466,21,5,0
467,6,21,0
468,7,20,0
469,5,9,1
470,2,4,2
471,1,17,1
472,4,0,2
473,6,8,1
474,13,11,0
475,18,9,0
476,3,3,2
477,8,19,0
478,2,15,1
479,4,11,1
480,11,1,1
481,18,3,0
482,9,18,0
483,2,5,2
484,20,0,0
485,17,7,0
486,16,8,0
487,4,1,2
488,7,11,1
489,9,4,1
490,0,9,2
491,10,3,1
492,4,19,0
493,8,10,1
494,16,14,0
495,5,10,1
496,12,0,1
497,18,4,0
498,19,2,0
499,3,23,0
500,19,4,0
501,2,24,0
502,15,12,0
503,0,20,1
504,13,12,0
505,7,7,1
506,4,25,0
507,11,2,1
508,1,18,1
509,16,10,0
510,4,12,1
511,1,7,2
512,4,2,2
513,1,26,0
514,3,26,0
515,13,13,0
516,2,16,1
517,2,27,0
518,20,1,0
519,3,4,2
520,3,21,0
521,17,8,0
522,11,5,1
523,8,20,0
524,18,6,0
525,0,28,0
526,14,11,0
527,19,9,0
528,3,14,1
529,6,9,1
530,0,10,2
531,17,14,0
532,20,4,0
533,7,8,1
534,12,14,0
535,12,2,1
536,9,19,0
537,21,0,0
538,5,0,2
539,5,11,1
540,12,1,1
541,18,7,0
542,10,18,0
543,15,10,0
544,1,8,2
545,10,17,0
546,4,24,0
547,2,6,2
548,5,25,0
549,10,4,1
550,4,13,1
551,21,1,0
552,8,11,1
553,11,15,0
554,20,2,0
555,5,1,2
556,2,7,2
557,23,4,0
558,16,9,0
559,0,21,1
560,1,19,1
561,3,5,2
562,6,10,1
563,2,17,1
564,12,15,0
565,4,22,0
566,0,11,2
567,4,23,0
568,13,0,1
569,3,15,1
570,9,6,1
571,8,7,1
572,23,5,0
573,5,12,1
574,13,2,1
575,3,24,0
576,2,25,0
577,7,23,0
578,12,21,0
579,11,3,1
580,19,6,0
581,4,26,0
582,6,23,0
583,19,3,0
584,21,4,0
585,4,3,2
586,3,27,0
587,12,5,1
588,4,4,2
589,13,14,0
590,9,9,1
591,1,9,2
592,4,14,1
593,2,28,0
594,22,0,0
595,13,1,1
596,6,11,1
597,11,16,0
598,14,13,0
599,20,5,0
600,0,29,0
601,18,8,0
602,6,0,2
603,19,13,0
604,11,4,1
605,5,2,2
606,0,12,2
607,2,18,1
608,1,20,1
609,20,3,0
610,3,6,2
611,7,22,0
612,9,7,1
613,22,1,0
614,2,8,2
615,5,13,1
616,3,16,1
617,0,22,1
618,10,8,1
619,17,9,0
620,17,10,0
621,9,10,1
622,3,7,2
623,6,1,2
624,5,3,2
625,14,0,1
626,1,10,2
627,5,22,0
628,10,6,1
629,10,25,0
630,11,7,1
631,15,17,0
632,4,15,1
633,20,6,0
634,7,21,0
635,4,5,2
636,22,4,0
637,11,8,1
638,12,3,1
639,13,21,0
640,0,0,3
641,6,12,1
642,5,26,0
643,23,0,0
644,21,7,0
645,13,5,1
646,12,22,0
647,19,7,0
648,9,8,1
649,10,9,1
650,3,17,1
651,6,2,2
652,0,13,2
653,4,27,0
654,5,14,1
655,14,14,0
656,11,17,0
657,2,9,2
658,22,6,0
659,5,4,2
660,2,19,1
661,15,13,0
662,14,1,1
663,5,17,1
664,25,2,0
665,1,28,0
666,12,11,1
667,9,21,0
668,12,16,0
669,7,0,2
670,1,21,1
671,0,1,3
672,3,28,0
673,1,11,2
674,13,15,0
675,10,7,1
676,2,29,0
677,8,22,0
678,3,8,2
679,4,6,2
680,0,23,1
681,18,10,0
682,4,7,2
683,5,23,0
684,13,4,1
685,23,1,0
686,23,2,0
687,4,16,1
688,6,16,1
689,16,12,0
690,0,30,0
691,0,2,3
692,21,12,0
693,19,8,0
694,22,2,0
695,2,10,2
696,21,6,0
697,11,6,1
698,16,17,0
699,15,4,1
700,21,3,0
701,5,5,2
702,12,7,1
703,0,14,2
704,6,22,0
705,17,11,0
706,7,1,2
707,14,2,1
708,15,0,1
709,5,15,1
710,4,21,0
711,13,3,1
712,20,7,0
713,15,14,0
714,24,0,0
715,1,12,2
716,3,18,1
717,6,3,2
718,14,5,1
719,2,20,1
720,12,4,1
721,0,3,3
722,11,9,1
723,6,13,1
724,24,1,0
725,12,17,0
726,1,22,1
727,16,13,0
728,1,0,3
729,5,27,0
730,18,15,0
731,13,16,0
732,11,18,0
733,6,17,1
734,15,1,1
735,4,28,0
736,6,24,0
737,14,15,0
738,13,19,0
739,14,21,0
740,17,12,0
741,8,0,2
742,22,10,0
743,3,9,2
744,2,11,2
745,9,22,0
746,0,24,1
747,0,15,2
748,0,4,3
749,1,1,3
750,7,2,2
751,24,2,0
752,3,29,0
753,20,8,0
754,22,3,0
755,6,4,2
756,13,22,0
757,17,17,0
758,8,23,0
759,12,8,1
760,12,6,1
761,16,4,1
762,18,11,0
763,13,7,1
764,2,30,0
765,3,10,2
766,1,13,2
767,1,27,0
768,11,21,0
769,18,16,0
770,14,3,1
771,25,3,0
772,1,2,3
773,14,4,1
774,9,11,1
775,6,15,1
776,25,0,0
777,19,10,0
778,2,21,1
779,7,12,1
780,0,31,0
781,16,0,1
782,5,19,1
783,18,21,0
784,12,9,1
785,16,16,0
786,7,3,2
787,22,5,0
788,14,6,1
789,27,4,0
790,6,18,1
791,8,1,2
792,10,10,1
793,7,24,0
794,13,17,0
795,20,9,0
796,1,23,1
797,2,12,2
798,6,14,1
799,0,16,2
800,14,16,0
801,3,19,1
802,15,2,1
803,1,3,3
804,27,5,0
805,2,22,1
806,6,25,0
807,25,1,0
808,17,13,0
809,6,5,2
810,16,1,1
811,6,26,0
812,18,12,0
813,15,15,0
814,15,5,1
815,20,14,0
816,11,11,1
817,2,0,3
818,1,14,2
819,5,28,0
820,23,3,0
821,17,18,0
822,9,12,1
823,10,22,0
824,21,8,0
825,0,5,3
826,11,13,1
827,13,18,0
828,25,10,0
829,3,11,2
830,4,17,1
831,12,18,0
832,21,9,0
833,8,16,1
834,7,13,1
835,0,25,1
836,14,17,0
837,13,6,1
838,12,10,1
839,13,8,1
840,22,7,0
841,4,29,0
842,3,20,1
843,14,7,1
844,8,2,2
845,2,1,3
846,4,9,2
847,9,0,2
848,1,4,3
849,9,20,0
850,15,3,1
851,16,7,1
852,3,30,0
853,9,15,1
854,10,11,1
855,5,24,0
856,0,6,3
857,26,0,0
858,7,4,2
859,5,6,2
860,0,17,2
861,6,19,1
862,27,8,0
863,26,2,0
864,17,0,1
865,8,12,1
866,18,13,0
867,17,5,1
868,17,16,0
869,8,24,0
870,13,9,1
871,0,26,1
872,26,3,0
873,15,6,1
874,2,2,3
875,22,8,0
876,9,23,0
877,19,11,0
878,5,16,1
879,7,18,1
880,11,10,1
881,2,31,0
882,1,29,0
883,1,15,2
884,26,1,0
885,4,8,2
886,15,16,0
887,1,24,1
888,0,7,3
889,9,24,0
890,16,2,1
891,9,14,1
892,15,18,0
893,7,14,1
894,12,12,1
895,8,6,2
896,6,6,2
897,19,12,0
898,20,10,0
899,16,15,0
900,16,5,1
901,25,5,0
902,9,1,2
903,7,25,0
904,6,24,1
905,8,17,1
906,24,3,0
907,11,27,0
908,2,13,2
909,17,1,1
910,11,22,0
911,2,3,3
912,19,21,0
913,0,32,0
914,11,14,1
915,12,24,0
916,12,13,1
917,2,14,2
918,8,13,1
919,7,16,1
920,8,3,2
921,10,23,0
922,19,17,0
923,3,0,3
924,9,16,1
925,11,25,0
926,14,8,1
927,10,0,2
928,15,7,1
929,16,8,1
930,23,8,0
931,5,7,2
932,10,12,1
933,16,3,1
934,16,23,0
935,18,14,0
936,18,4,1
937,9,2,2
938,10,21,0
939,5,29,0
940,27,0,0
941,13,10,1
942,16,18,0
943,2,23,1
944,1,16,2
945,8,15,1
946,13,12,1
947,21,15,0
948,0,18,2
949,18,0,1
950,7,17,1
951,10,15,1
952,5,8,2
953,24,7,0
954,24,4,0
955,3,1,3
956,16,6,1
957,8,21,0
958,3,21,1
959,18,5,1
960,4,30,0
961,7,19,1
962,14,9,1
963,7,5,2
964,12,20,0
965,2,4,3
966,20,4,1
967,1,5,3
968,10,19,0
969,7,10,2
970,20,12,0
971,25,4,0
972,4,18,1
973,17,2,1
974,11,23,0
975,19,15,0
976,18,1,1
977,6,7,2
978,3,31,0
979,27,1,0
980,14,11,1
981,10,14,1
982,0,8,3
983,1,6,3
984,8,4,2
985,17,15,0
986,3,2,3
987,8,9,2
988,10,24,0
989,27,10,0
990,0,27,1
991,23,13,0
992,19,18,0
993,3,12,2
994,22,14,0
995,1,25,1
996,8,18,1
997,10,1,2
998,20,21,0
999,0,19,2
1000,8,25,0
1001,20,11,0
1002,9,8,2
1003,4,10,2
1004,9,6,2
1005,13,24,0
1006,13,13,1
1007,24,5,0
1008,16,22,0
1009,5,9,2
1010,27,3,0
1011,21,10,0
1012,15,8,1
1013,1,17,2
1014,17,3,1
1015,7,26,0
1016,10,16,1
1017,11,19,0
1018,7,6,2
1019,2,32,0
1020,6,21,1
1021,0,9,3
1022,6,8,2
1023,2,5,3
1024,20,13,0
1025,18,22,0
1026,21,16,0
1027,3,3,3
1028,11,0,2
1029,18,7,1
1030,2,15,2
1031,4,0,3
1032,11,20,0
1033,2,24,1
1034,28,0,0
1035,19,0,1
1036,19,16,0
1037,10,20,0
1038,6,27,0
1039,9,3,2
1040,11,15,1
1041,19,5,1
1042,28,1,0
1043,3,23,1
1044,17,21,0
1045,0,33,0
1046,17,6,1
1047,7,15,1
1048,13,20,0
1049,8,5,2
1050,14,19,0
1051,8,19,1
1052,27,2,0
1053,4,11,2
1054,18,2,1
1055,27,11,0
1056,3,13,2
1057,5,30,0
1058,1,7,3
1059,5,18,1
1060,8,10,2
1061,12,23,0
1062,6,20,1
1063,7,7,2
1064,13,11,1
1065,24,6,0
1066,0,20,2
1067,4,19,1
1068,18,18,0
1069,24,10,0
1070,10,2,2
1071,4,31,0
1072,11,24,0
1073,23,10,0
1074,4,12,2
1075,8,14,1
1076,21,21,0
1077,9,4,2
1078,27,9,0
1079,21,11,0
1080,19,14,0
1081,19,1,1
1082,4,2,3
1083,1,27,1
1084,3,26,1
1085,9,18,1
1086,15,9,1
1087,15,23,0
1088,22,9,0
1089,4,1,3
1090,11,1,2
1091,1,8,3
1092,9,25,0
1093,0,10,3
1094,14,12,1
1095,2,16,2
1096,14,24,0
1097,14,13,1
1098,23,6,0
1099,5,10,2
1100,5,20,1
1101,14,10,1
1102,18,3,1
1103,1,26,1
1104,1,30,0
1105,28,3,0
1106,19,22,0
1107,12,19,0
1108,22,17,0
1109,10,6,2
1110,26,13,0
1111,20,22,0
1112,21,14,0
1113,6,9,2
1114,2,6,3
1115,23,15,0
1116,26,4,0
1117,24,8,0
1118,8,26,0
1119,9,13,1
1120,19,7,1
1121,12,14,1
1122,10,23,1
1123,13,25,0
1124,3,14,2
1125,3,32,0
1126,29,0,0
1127,17,4,1
1128,5,21,1
1129,20,5,1
1130,17,7,1
1131,20,0,1
1132,1,18,2
1133,22,12,0
1134,10,3,2
1135,27,12,0
1136,7,27,0
1137,29,2,0
1138,23,7,0
1139,7,8,2
1140,14,20,0
1141,5,0,3
1142,18,12,1
1143,11,5,2
1144,9,5,2
1145,12,0,2
1146,9,19,1
1147,0,21,2
1148,2,33,0
1149,0,28,1
1150,5,11,2
1151,28,8,0
1152,20,3,1
1153,17,22,0
1154,1,19,2
1155,0,11,3
1156,9,7,2
1157,12,20,1
1158,11,2,2
1159,29,1,0
1160,13,23,0
1161,6,28,0
1162,3,5,3
1163,8,7,2
1164,4,21,1
1165,4,13,2
1166,19,2,1
1167,18,6,1
1168,19,9,1
1169,7,20,1
1170,2,17,2
1171,28,2,0
1172,16,21,0
1173,3,15,2
1174,4,3,3
1175,1,10,3
1176,19,23,0
1177,10,4,2
1178,15,19,0
1179,20,19,0
1180,21,4,1
1181,5,31,0
1182,26,5,0
1183,9,17,1
1184,15,11,1
1185,1,9,3
1186,10,22,1
1187,19,3,1
1188,20,1,1
1189,0,34,0
1190,21,13,0
1191,17,14,1
1192,3,24,1
1193,15,24,0
1194,15,10,1
1195,4,26,1
1196,14,22,0
1197,2,7,3
1198,3,27,1
1199,24,9,0
1200,12,1,2
1201,6,10,2
1202,5,2,3
1203,22,23,0
1204,5,1,3
1205,13,5,2
1206,4,14,2
1207,11,16,1
1208,2,27,1
1209,11,6,2
1210,9,25,1
1211,5,20,2
1212,10,13,1
1213,5,12,2
1214,4,22,1
1215,7,23,1
1216,3,6,3
1217,14,25,0
1218,9,26,0
1219,21,5,1
1220,0,12,3
1221,16,9,1
1222,0,29,1
1223,21,0,1
1224,26,7,0
1225,23,4,1
1226,27,7,0
1227,30,0,0
1228,12,15,1
1229,11,23,1
1230,7,9,2
1231,25,6,0
1232,4,32,0
1233,12,22,1
1234,3,22,1
1235,1,20,2
1236,0,22,2
1237,11,3,2
1238,19,12,1
1239,2,8,3
1240,20,6,1
1241,8,8,2
1242,8,27,0
1243,15,20,0
1244,18,17,0
1245,11,12,1
1246,9,9,2
1247,10,17,1
1248,3,16,2
1249,28,7,0
1250,15,12,1
1251,6,11,2
1252,4,25,1
1253,17,8,1
1254,20,2,1
1255,19,6,1
1256,14,23,0
1257,4,4,3
1258,21,6,1
1259,20,9,1
1260,12,2,2
1261,2,25,1
1262,10,5,2
1263,13,0,2
1264,4,20,1
1265,3,33,0
1266,1,31,0
1267,13,14,1
1268,7,28,0
1269,4,5,3
1270,5,13,2
1271,21,19,0
1272,16,19,0
1273,20,15,0
1274,21,1,1
1275,10,8,2
1276,26,6,0
1277,6,0,3
1278,11,4,2
1279,14,18,0
1280,16,11,1
1281,16,10,1
1282,29,3,0
1283,24,21,0
1284,0,0,4
1285,13,1,2
1286,6,29,0
1287,0,13,3
1288,19,13,1
1289,23,9,0
1290,20,20,0
1291,4,15,2
1292,2,9,3
1293,15,22,0
1294,26,8,0
1295,23,23,0
1296,2,18,2
1297,12,25,0
1298,24,14,0
1299,5,23,1
1300,25,11,0
1301,14,18,1
1302,2,34,0
1303,3,7,3
1304,3,25,1
1305,7,24,1
1306,12,6,2
1307,17,9,1
1308,15,25,0
1309,4,27,1
1310,22,0,1
1311,29,6,0
1312,0,1,4
1313,6,2,3
1314,19,4,1
1315,6,1,3
1316,10,26,0
1317,1,21,2
1318,5,4,3
1319,2,19,2
1320,1,11,3
1321,1,28,1
1322,28,4,0
1323,13,15,1
1324,4,6,3
1325,20,16,0
1326,5,14,2
1327,3,17,2
1328,10,9,2
1329,25,7,0
1330,0,23,2
1331,10,18,1
1332,12,3,2
1333,24,18,0
1334,11,26,0
1335,30,1,0
1336,15,6,2
1337,0,35,0
1338,18,8,1
1339,5,32,0
1340,0,30,1
1341,0,2,4
1342,17,10,1
1343,9,27,0
1344,21,2,1
1345,24,11,0
1346,12,7,2
1347,11,17,1
1348,14,14,1
1349,5,22,1
1350,15,22,1
1351,23,11,0
1352,0,14,3
1353,4,16,2
1354,3,8,3
1355,11,7,2
1356,13,2,2
1357,24,17,0
1358,29,4,0
1359,17,19,0
1360,14,0,2
1361,6,12,2
1362,22,1,1
1363,12,16,1
1364,26,16,0
1365,26,9,0
1366,8,28,0
1367,12,4,2
1368,4,33,0
1369,11,8,2
1370,20,18,0
1371,17,11,1
1372,10,7,2
1373,22,22,0
1374,2,26,1
1375,21,20,0
1376,2,10,3
1377,14,1,2
1378,0,3,4
1379,1,12,3
1380,15,13,1
1381,29,7,0
1382,25,3,1
1383,14,5,2
1384,28,5,0
1385,1,29,1
1386,17,24,0
1387,14,19,1
1388,16,20,0
1389,6,22,1
1390,5,15,2
1391,7,0,3
1392,6,3,3
1393,2,20,2
1394,15,18,1
1395,5,18,2
1396,18,9,1
1397,22,21,0
1398,1,22,2
1399,24,23,0
1400,25,4,1
1401,22,15,0
1402,16,25,0
1403,5,24,1
1404,1,0,4
1405,7,11,2
1406,23,0,1
1407,8,20,1
1408,16,12,1
1409,18,14,1
1410,15,21,0
1411,13,6,2
1412,3,34,0
1413,25,8,0
1414,7,21,1
1415,23,12,0
1416,27,13,0
1417,13,7,2
1418,5,25,1
1419,12,26,0
1420,2,11,3
1421,11,22,1
1422,0,15,3
1423,5,6,3
1424,14,15,1
1425,5,5,3
1426,6,29,1
1427,24,12,0
1428,19,8,1
1429,3,18,2
1430,0,24,2
1431,7,29,0
1432,7,1,3
1433,13,3,2
1434,1,1,4
1435,4,17,2
1436,11,18,1
1437,16,6,2
1438,29,5,0
1439,21,3,1
1440,30,2,0
1441,1,32,0
1442,15,14,1
1443,10,27,0
1444,26,10,0
1445,6,30,0
1446,12,17,1
1447,11,9,2
1448,16,22,1
1449,5,27,1
1450,18,19,0
1451,2,35,0
1452,1,13,3
1453,29,8,0
1454,22,2,1
1455,20,17,0
1456,13,16,1
1457,15,0,2
1458,28,6,0
1459,18,10,1
1460,23,1,1
1461,23,8,1
1462,20,7,1
1463,0,4,4
1464,20,8,1
1465,8,25,1
1466,16,13,1
1467,7,2,3
1468,12,8,2
1469,14,2,2
1470,9,28,0
1471,15,19,1
1472,3,19,2
1473,5,33,0
1474,4,24,1
1475,13,22,1
1476,2,21,2
1477,2,28,1
1478,17,20,0
1479,0,36,0
1480,6,13,2
1481,0,16,3
1482,24,0,1
1483,0,31,1
1484,10,19,1
1485,21,17,0
1486,15,1,2
1487,14,8,2
1488,6,23,1
1489,25,9,0
1490,22,11,0
1491,3,29,1
1492,19,14,1
1493,1,23,2
1494,13,4,2
1495,1,2,4
1496,7,3,3
1497,8,29,0
1498,28,9,0
1499,10,13,2
1500,8,0,3
1501,11,12,2
1502,24,13,0
1503,9,10,2
1504,1,30,1
1505,7,12,2
1506,0,5,4
1507,4,23,1
1508,2,22,2
1509,5,16,2
1510,5,26,1
1511,3,9,3
1512,0,25,2
1513,8,23,1
1514,13,26,0
1515,1,14,3
1516,25,16,0
1517,4,34,0
1518,22,16,0
1519,9,23,1
1520,19,10,1
1521,25,12,0
1522,6,4,3
1523,2,0,4
1524,2,29,1
1525,22,3,1
1526,23,22,0
1527,12,18,1
1528,26,11,0
1529,14,3,2
1530,11,19,1
1531,20,13,1
1532,23,16,0
1533,29,9,0
1534,6,14,2
1535,6,25,1
1536,18,16,1
1537,24,15,0
1538,16,14,1
1539,14,6,2
1540,3,10,3
1541,1,3,4
1542,8,1,3
1543,2,12,3
1544,17,22,1
1545,13,17,1
1546,17,12,1
1547,23,2,1
1548,12,27,0
1549,12,9,2
1550,10,10,2
1551,30,3,0
1552,4,7,3
1553,4,8,3
1554,17,23,0
1555,7,30,0
1556,8,11,2
1557,4,29,1
1558,25,15,0
1559,14,16,1
1560,3,20,2
1561,0,17,3
1562,22,5,1
1563,17,13,1
1564,9,20,1
1565,3,35,0
1566,16,24,0
1567,24,1,1
1568,16,0,2
1569,22,6,1
1570,13,8,2
1571,22,4,1
1572,18,11,1
1573,11,13,2
1574,10,25,1
1575,23,14,0
1576,8,2,3
1577,24,3,1
1578,15,15,1
1579,19,24,0
1580,23,3,1
1581,2,13,3
1582,14,9,2
1583,10,28,0
1584,6,5,3
1585,1,33,0
1586,0,26,2
1587,13,10,2
1588,28,10,0
1589,2,1,4
1590,4,19,2
1591,25,0,1
1592,6,16,2
1593,7,13,2
1594,1,15,3
1595,19,19,0
1596,6,31,0
1597,20,14,1
1598,15,2,2
1599,15,8,2
1600,21,7,1
1601,24,5,1
1602,16,1,2
1603,15,5,2
1604,1,24,2
1605,6,15,2
1606,2,36,0
1607,1,5,4
1608,21,8,1
1609,2,31,1
1610,9,29,0
1611,16,15,1
1612,4,9,3
1613,29,10,0
1614,10,12,2
1615,15,10,2
1616,30,5,0
1617,0,6,4
1618,22,13,0
1619,2,23,2
1620,8,12,2
1621,26,12,0
1622,15,3,2
1623,7,4,3
1624,10,22,2
1625,14,26,0
1626,9,0,3
1627,6,20,2
1628,12,19,1
1629,2,2,4
1630,8,24,1
1631,18,20,0
1632,14,7,2
1633,0,18,3
1634,3,11,3
1635,6,24,2
1636,13,9,2
1637,19,16,1
1638,0,32,1
1639,25,2,1
1640,18,17,1
1641,6,6,3
1642,1,4,4
1643,22,7,1
1644,5,34,0
1645,11,14,2
1646,13,18,1
1647,4,18,2
1648,13,20,1
1649,7,25,1
1650,7,14,2
1651,26,24,0
1652,24,2,1
1653,11,11,2
1654,14,4,2
1655,18,22,1
1656,21,18,0
1657,14,17,1
1658,9,1,3
1659,18,23,0
1660,8,17,2
1661,7,22,1
1662,23,17,0
1663,7,6,3
1664,3,0,4
1665,22,11,1
1666,8,22,1
1667,7,23,2
1668,13,27,0
1669,3,30,1
1670,0,37,0
1671,6,26,1
1672,6,27,1
1673,25,13,0
1674,15,16,1
1675,20,10,1
1676,9,11,2
1677,25,1,1
1678,18,13,1
1679,12,16,2
1680,5,7,3
1681,17,0,2
1682,5,8,3
1683,8,30,0
1684,30,4,0
1685,24,16,0
1686,6,18,2
1687,0,7,4
1688,21,9,1
1689,15,4,2
1690,21,23,0
1691,5,29,1
1692,2,4,4
1693,28,4,1
1694,19,20,0
1695,12,13,2
1696,5,17,2
1697,4,35,0
1698,11,25,1
1699,21,11,1
1700,2,30,1
1701,14,10,2
1702,11,28,0
1703,4,10,3
1704,18,18,1
1705,12,10,2
1706,7,5,3
1707,16,2,2
1708,8,3,3
1709,2,14,3
1710,4,11,3
1711,8,13,2
1712,1,25,2
1713,16,8,2
1714,29,11,0
1715,22,8,1
1716,7,19,2
1717,3,28,1
1718,19,17,1
1719,7,31,0
1720,28,11,0
1721,22,13,1
1722,9,2,3
1723,25,14,0
1724,19,25,0
1725,0,19,3
1726,12,28,0
1727,1,35,0
1728,7,15,2
1729,3,1,4
1730,2,3,4
1731,3,12,3
1732,26,0,1
1733,19,11,1
1734,17,1,2
1735,10,29,0
1736,1,16,3
1737,16,10,2
1738,9,15,2
1739,9,12,2
1740,2,24,2
1741,5,9,3
1742,3,36,0
1743,1,6,4
1744,15,26,0
1745,8,18,2
1746,3,31,1
1747,2,5,4
1748,13,19,1
1749,3,21,2
1750,17,26,0
1751,17,17,1
1752,4,30,1
1753,9,16,2
1754,26,2,1
1755,27,18,0
1756,6,25,2
1757,26,1,1
1758,16,3,2
1759,20,21,1
1760,23,12,1
1761,18,5,2
1762,9,24,1
1763,10,0,3
1764,11,10,2
1765,8,4,3
1766,11,21,1
1767,10,29,1
1768,17,15,1
1769,26,3,1
1770,7,24,2
1771,11,15,2
1772,22,18,0
1773,0,8,4
1774,19,22,1
1775,24,7,1
1776,10,14,2
1777,0,9,4
1778,15,17,1
1779,8,14,2
1780,3,2,4
1781,7,17,2
1782,6,32,0
1783,2,32,1
1784,18,0,2
1785,12,11,2
1786,17,27,0
1787,9,17,2
1788,23,5,1
1789,10,1,3
1790,14,27,0
1791,16,16,1
1792,0,27,2
1793,26,15,0
1794,14,22,1
1795,1,31,1
1796,1,26,2
1797,22,19,1
1798,10,11,2
1799,18,23,1
1800,2,15,3
1801,18,24,0
1802,7,26,1
1803,14,15,2
1804,16,4,2
1805,6,8,3
1806,6,7,3
1807,15,7,2
1808,8,21,1
1809,0,33,1
1810,9,30,0
1811,13,24,1
1812,23,18,0
1813,1,7,4
1814,8,30,1
1815,19,18,1
1816,0,20,3
1817,10,24,1
1818,29,12,0
1819,24,4,1
1820,1,17,3
1821,17,2,2
1822,13,28,0
1823,12,25,1
1824,5,35,0
1825,17,25,0
1826,26,14,0
1827,8,5,3
1828,5,10,3
1829,27,0,1
1830,23,13,1
1831,22,14,1
1832,17,5,2
1833,28,12,0
1834,23,24,0
1835,5,28,1
1836,4,0,4
1837,9,3,3
1838,20,25,0
1839,8,9,3
1840,27,15,0
1841,0,10,4
1842,20,11,1
1843,7,20,2
1844,26,18,0
1845,27,1,1
1846,8,31,0
1847,10,15,2
1848,1,8,4
1849,18,1,2
1850,3,13,3
1851,17,10,2
1852,12,12,2
1853,4,12,3
1854,3,26,2
1855,30,6,0
1856,16,26,0
1857,7,7,3
1858,18,26,0
1859,19,26,0
1860,0,38,0
1861,11,29,0
1862,17,3,2
1863,3,24,2
1864,4,1,4
1865,19,5,2
1866,8,16,2
1867,27,3,1
1868,6,26,2
1869,3,3,4
1870,26,7,1
1871,12,22,2
1872,16,9,2
1873,2,6,4
1874,28,24,0
1875,10,16,2
1876,9,21,1
1877,4,36,0
1878,12,21,1
1879,3,22,2
1880,11,24,1
1881,4,21,2
1882,12,23,1
1883,11,0,3
1884,29,15,0
1885,29,19,0
1886,9,4,3
1887,16,17,1
1888,22,19,0
1889,17,16,1
1890,6,17,2
1891,15,27,0
1892,7,32,0
1893,3,14,3
1894,1,18,3
1895,0,32,2
1896,9,22,1
1897,19,0,2
1898,5,3,4
1899,11,1,3
1900,2,25,2
1901,23,14,1
1902,3,32,1
1903,18,15,1
1904,0,21,3
1905,30,9,0
1906,16,7,2
1907,0,11,4
1908,11,29,1
1909,21,21,1
1910,10,2,3
1911,30,7,0
1912,8,26,1
1913,25,18,0
1914,29,13,0
1915,14,24,1
1916,4,20,2
1917,1,34,0
1918,0,28,2
1919,10,30,0
1920,20,12,1
1921,20,18,1
1922,7,8,3
1923,28,13,0
1924,17,13,2
1925,7,16,2
1926,17,11,2
1927,2,16,3
1928,23,19,0
1929,18,2,2
1930,13,25,1
1931,3,37,0
1932,2,33,1
1933,2,7,4
1934,18,25,0
1935,21,18,1
1936,10,20,1
1937,28,5,1
1938,14,28,0
1939,3,23,2
1940,7,27,1
1941,20,22,1
1942,4,4,4
1943,19,1,2
1944,9,5,3
1945,6,9,3
1946,27,2,1
1947,4,31,1
1948,5,11,3
1949,18,3,2
1950,4,2,4
1951,10,21,1
1952,1,32,1
1953,6,33,0
1954,28,1,1
1955,8,15,2
1956,8,6,3
1957,22,16,1
1958,1,9,4
1959,6,28,1
1960,22,17,1
1961,10,3,3
1962,9,9,3
1963,0,33,2
1964,18,10,2
1965,13,12,2
1966,10,30,1
1967,5,0,4
1968,9,31,0
1969,22,10,1
1970,9,13,2
1971,15,9,2
1972,23,6,1
1973,0,34,2
1974,27,16,0
1975,12,29,0
1976,5,19,2
1977,7,9,3
1978,3,15,3
1979,5,28,2
1980,29,16,0
1981,24,6,1
1982,14,12,2
1983,0,12,4
1984,14,20,1
1985,1,27,2
1986,11,2,3
1987,0,31,2
1988,13,21,1
1989,1,19,3
1990,22,20,0
1991,16,5,2
1992,4,22,2
1993,25,7,1
1994,2,38,0
1995,0,29,2
1996,12,14,2
1997,11,20,1
1998,17,4,2
1999,19,27,0
2000,5,1,4
2001,10,4,3
2002,13,23,1
2003,14,11,2
2004,20,2,2
2005,28,0,1
2006,5,36,0
2007,2,8,4
2008,29,14,0
2009,8,19,2
2010,18,27,0
2011,11,8,3
2012,5,21,2
2013,12,24,1
2014,0,22,3
2015,20,24,0
2016,16,27,0
2017,2,17,3
2018,5,12,3
2019,13,29,0
2020,20,0,2
2021,12,0,3
2022,11,5,3
2023,1,10,4
2024,16,15,2
2025,19,2,2
2026,8,32,0
2027,12,1,3
2028,17,7,2
2029,24,8,1
2030,9,14,2
2031,30,8,0
2032,28,14,0
2033,10,8,3
2034,8,23,2
2035,15,24,1
2036,4,13,3
2037,10,7,3
2038,4,32,1
2039,24,19,0
2040,4,14,3
2041,13,13,2
2042,22,18,1
2043,11,30,0
2044,23,20,0
2045,22,25,0
2046,16,18,1
2047,3,27,2
2048,0,39,0
2049,0,29,3
2050,27,14,0
2051,22,9,1
2052,3,16,3
2053,15,28,0
2054,1,11,4
2055,19,3,2
2056,9,18,2
2057,3,6,4
2058,0,13,4
2059,24,26,0
2060,3,7,4
2061,9,26,1
2062,26,4,1
2063,27,10,1
2064,4,37,0
2065,8,27,1
2066,26,17,0
2067,23,17,1
2068,6,10,3
2069,1,33,1
2070,27,6,1
2071,19,15,1
2072,23,10,1
2073,0,0,5
2074,2,37,0
2075,25,17,0
2076,11,6,3
2077,25,19,0
2078,13,11,2
2079,9,29,1
2080,20,1,2
2081,18,4,2
2082,7,33,0
2083,20,26,0
2084,24,9,1
2085,10,5,3
2086,11,3,3
2087,23,7,1
2088,1,20,3
2089,25,8,1
2090,10,9,3
2091,3,33,1
2092,12,15,2
2093,5,2,4
2094,7,28,1
2095,12,6,3
2096,10,31,0
2097,10,26,1
2098,29,0,1
2099,0,30,2
2100,24,16,1
2101,14,29,0
2102,6,12,3
2103,10,17,2
2104,1,36,0
2105,2,18,3
2106,15,20,1
2107,0,1,5
2108,3,25,2
2109,11,9,3
2110,27,13,1
2111,14,22,2
2112,20,16,1
2113,6,0,4
2114,17,8,2
2115,4,15,3
2116,24,25,0
2117,1,34,2
2118,1,21,3
2119,12,2,3
2120,6,28,2
2121,20,27,0
2122,17,18,1
2123,15,11,2
2124,0,28,3
2125,2,34,1
2126,21,24,0
2127,25,5,1
2128,13,14,2
2129,12,27,1
2130,4,25,3
2131,4,26,2
2132,5,22,2
2133,29,17,0
2134,27,4,1
2135,1,28,2
2136,0,23,3
2137,9,19,2
2138,3,38,0
2139,0,30,3
2140,1,29,3
2141,10,26,2
2142,0,2,5
2143,6,34,0
2144,6,11,3
2145,6,21,2
2146,18,6,2
2147,6,1,4
2148,13,0,3
2149,18,7,2
2150,12,5,3
2151,22,12,1
2152,0,14,4
2153,23,18,1
2154,11,24,2
2155,18,14,2
2156,21,0,2
2157,21,10,1
2158,3,17,3
2159,0,35,2
2160,7,36,0
2161,9,32,0
2162,21,22,1
2163,16,19,1
2164,24,17,1
2165,21,16,1
2166,5,4,4
2167,2,9,4
2168,16,24,1
2169,26,15,1
2170,29,1,1
2171,17,6,2
2172,14,13,2
2173,13,1,3
2174,24,10,1
2175,21,22,0
2176,12,30,1
2177,28,3,1
2178,28,2,1
2179,22,15,1
2180,4,5,4
2181,1,32,2
2182,15,25,1
2183,8,20,2
2184,11,4,3
2185,13,30,0
2186,5,32,1
2187,25,9,1
2188,11,26,1
2189,1,12,4
2190,16,28,0
2191,5,27,2
2192,21,1,2
2193,23,11,1
2194,23,26,0
2195,10,18,2
2196,27,14,1
2197,4,16,3
2198,22,26,0
2199,1,31,2
2200,7,10,3
2201,21,26,0
2202,9,27,1
2203,20,23,0
2204,19,4,2
2205,2,19,3
2206,17,9,2
2207,15,12,2
2208,2,39,0
2209,8,24,2
2210,12,3,3
2211,5,37,0
2212,2,26,2
2213,22,4,2
2214,4,33,1
2215,7,18,2
2216,4,23,2
2217,27,5,1
2218,8,33,0
2219,25,6,1
2220,11,17,2
2221,27,7,1
2222,12,11,3
2223,15,29,0
2224,28,20,0
2225,26,8,1
2226,6,19,2
2227,2,10,4
2228,1,22,3
2229,16,20,1
2230,8,28,1
2231,5,30,2
2232,21,2,2
2233,20,3,2
2234,1,0,5
2235,19,6,2
2236,0,15,4
2237,10,23,2
2238,28,15,0
2239,17,19,1
2240,0,3,5
2241,5,21,3
2242,4,6,4
2243,14,23,1
2244,21,27,0
2245,5,13,3
2246,12,9,3
2247,6,2,4
2248,0,27,3
2249,16,11,2
2250,3,18,3
2251,7,29,1
2252,5,14,3
2253,11,31,0
2254,1,33,2
2255,24,20,0
2256,22,24,0
2257,5,15,3
2258,14,14,2
2259,15,23,1
2260,7,0,4
2261,6,3,4
2262,26,19,0
2263,0,24,3
2264,19,7,2
2265,5,23,3
2266,1,34,1
2267,27,11,1
2268,22,0,2
2269,14,0,3
2270,13,8,3
2271,12,31,0
2272,5,26,2
2273,14,19,2
2274,6,22,2
2275,11,22,2
2276,2,33,2
2277,5,25,3
2278,5,25,2
2279,11,25,2
2280,29,2,1
2281,7,30,1
2282,26,19,1
2283,4,29,2
2284,0,40,0
2285,7,34,0
2286,4,38,0
2287,25,10,1
2288,26,9,1
2289,17,24,1
2290,14,21,1
2291,21,25,0
2292,7,29,2
2293,28,6,1
2294,1,29,2
2295,15,13,2
2296,1,30,3
2297,18,8,2
2298,7,1,4
2299,1,28,3
2300,4,17,3
2301,21,3,2
2302,10,32,0
2303,9,8,3
2304,21,20,1
2305,25,20,0
2306,1,2,5
2307,5,38,0
2308,12,7,3
2309,1,1,5
2310,6,7,4
2311,2,20,3
2312,23,9,2
2313,14,1,3
2314,14,30,0
2315,13,15,2
2316,12,8,3
2317,24,11,1
2318,22,1,2
2319,12,4,3
2320,12,26,1
2321,17,28,0
2322,3,8,4
2323,27,8,1
2324,13,2,3
2325,23,9,1
2326,0,16,4
2327,13,23,2
2328,2,32,2
2329,25,6,2
2330,20,4,2
2331,18,9,2
2332,21,23,1
2333,11,18,2
2334,13,5,3
2335,6,30,2
2336,16,12,2
2337,8,10,3
2338,24,19,1
2339,24,23,1
2340,6,37,0
2341,22,23,1
2342,25,12,1
2343,10,27,1
2344,7,11,3
2345,5,5,4
2346,13,3,3
2347,30,11,0
2348,1,27,3
2349,2,27,2
2350,10,16,3
2351,0,31,3
2352,0,36,2
2353,0,4,5
2354,3,19,3
2355,16,22,2
2356,6,31,1
2357,28,23,0
2358,10,19,2
2359,2,11,4
2360,9,30,1
2361,1,14,4
2362,1,13,4
2363,12,10,3
2364,12,17,2
2365,6,35,0
2366,14,6,3
2367,17,20,1
2368,3,39,0
2369,27,17,0
2370,4,31,2
2371,30,10,0
2372,28,16,0
2373,21,12,1
2374,1,23,3
2375,9,33,0
2376,22,27,0
2377,15,23,2
2378,2,28,2
2379,4,28,2
2380,16,29,0
2381,5,31,2
2382,5,19,3
2383,19,8,2
2384,0,25,3
2385,14,5,3
2386,1,39,0
2387,25,23,0
2388,7,21,3
2389,9,28,1
2390,3,9,4
2391,7,2,4
2392,27,9,1
2393,23,15,1
2394,6,13,3
2395,27,12,1
2396,23,0,2
2397,2,22,3
2398,6,21,3
2399,15,14,2
2400,1,35,2
2401,1,30,2
2402,5,33,1
2403,13,4,3
2404,20,7,2
2405,13,31,0
2406,16,23,1
2407,11,7,3
2408,4,18,3
2409,24,12,1
2410,6,4,4
2411,2,21,3
2412,4,7,4
2413,13,6,3
2414,29,3,1
2415,8,0,4
2416,6,32,1
2417,11,26,2
2418,7,31,1
2419,4,33,2
2420,2,12,4
2421,13,16,2
2422,7,37,0
2423,15,19,2
2424,28,27,0
2425,23,21,0
2426,14,8,3
2427,14,30,1
2428,15,0,3
2429,27,19,0
2430,5,24,3
2431,23,1,2
2432,28,17,0
2433,0,17,4
2434,6,23,3
2435,7,22,2
2436,5,16,3
2437,1,38,0
2438,0,5,5
2439,5,6,4
2440,8,29,1
2441,4,34,1
2442,26,10,1
2443,26,25,0
2444,11,12,3
2445,2,0,5
2446,16,13,2
2447,7,12,3
2448,14,25,1
2449,26,20,1
2450,7,21,2
2451,5,29,2
2452,8,34,0
2453,16,29,1
2454,5,26,3
2455,22,2,2
2456,6,36,0
2457,25,11,1
2458,16,18,2
2459,11,32,0
2460,6,38,0
2461,6,22,3
2462,13,7,3
2463,2,40,0
2464,8,1,4
2465,15,30,0
2466,2,29,2
2467,14,2,3
2468,20,6,2
2469,18,28,0
2470,3,10,4
2471,9,23,2
2472,21,4,2
2473,0,26,3
2474,19,9,2
2475,25,21,0
2476,13,26,1
2477,1,3,5
2478,8,29,2
2479,18,19,1
2480,7,22,3
2481,7,7,4
2482,26,20,0
2483,6,14,3
2484,12,20,2
2485,25,23,1
2486,20,5,2
2487,12,18,2
2488,2,1,5
2489,2,34,2
2490,1,15,4
2491,9,10,3
2492,15,1,3
2493,19,19,1
2494,23,2,2
2495,15,21,1
2496,7,30,2
2497,15,17,2
2498,24,24,1
2499,1,37,0
2500,0,6,5
2501,14,3,3
2502,8,11,3
2503,3,35,2
2504,17,22,2
2505,11,27,1
2506,3,20,3
2507,15,5,3
2508,23,27,0
2509,21,15,1
2510,7,3,4
2511,20,8,2
2512,21,6,2
2513,13,17,2
2514,13,10,3
2515,11,19,2
2516,18,11,2
2517,17,29,0
2518,16,23,2
2519,2,27,3
2520,4,19,3
2521,29,6,1
2522,19,25,1
2523,21,13,1
2524,10,33,0
2525,1,31,3
2526,3,11,4
2527,8,2,4
2528,0,18,4
2529,7,35,0
2530,5,24,2
2531,3,30,3
2532,6,5,4
2533,18,20,1
2534,28,7,1
2535,5,17,3
2536,2,2,5
2537,6,30,1
2538,4,39,0
2539,1,4,5
2540,25,24,0
2541,0,41,0
2542,2,23,3
2543,6,31,2
2544,16,14,2
2545,7,13,3
2546,10,28,1
2547,25,14,1
2548,14,16,2
2549,12,23,2
2550,17,23,1
2551,4,9,4
2552,17,12,2
2553,29,4,1
2554,0,32,3
2555,28,19,0
2556,14,4,3
2557,19,10,2
2558,12,32,0
2559,4,30,2
2560,21,7,2
2561,6,24,3
2562,16,19,2
2563,26,18,1
2564,24,0,2
2565,4,8,4
2566,23,25,0
2567,12,31,1
2568,5,18,3
2569,2,35,2
2570,24,22,0
2571,29,18,0
2572,15,8,3
2573,26,11,1
2574,0,24,4
2575,6,15,3
2576,15,2,3
2577,27,20,0
2578,7,4,4
2579,4,24,2
2580,6,25,3
2581,21,28,0
2582,9,0,4
2583,1,24,3
2584,28,18,0
2585,22,3,2
2586,0,7,5
2587,15,15,2
2588,19,15,2
2589,24,13,1
2590,8,21,2
2591,1,16,4
2592,24,1,2
2593,3,31,2
2594,18,5,3
2595,6,6,4
2596,10,12,3
2597,4,34,2
2598,16,0,3
2599,29,20,0
2600,7,23,3
2601,17,18,2
2602,16,1,3
2603,0,37,2
2604,5,32,2
2605,9,34,0
2606,21,17,1
2607,14,7,3
2608,17,14,2
2609,19,28,0
2610,9,29,2
2611,20,9,2
2612,28,8,1
2613,26,8,2
2614,2,13,4
2615,29,23,0
2616,5,34,1
2617,29,21,0
2618,25,13,1
2619,27,4,2
2620,1,5,5
2621,8,12,3
2622,16,30,0
2623,3,0,5
2624,5,7,4
2625,23,16,1
2626,1,36,2
2627,7,38,0
2628,11,11,3
2629,15,3,3
2630,24,2,2
2631,17,21,1
2632,3,28,2
2633,14,26,1
2634,5,8,4
2635,28,25,0
2636,3,40,0
2637,21,5,2
2638,0,27,4
2639,9,1,4
2640,13,20,2
2641,18,17,2
2642,24,18,1
2643,21,14,1
2644,7,14,3
2645,28,9,1
2646,1,40,0
2647,4,10,4
2648,4,32,2
2649,13,18,2
2650,12,30,0
2651,16,21,1
2652,10,10,3
2653,0,19,4
2654,7,25,2
2655,8,7,4
2656,8,22,3
2657,25,22,0
2658,1,25,3
2659,26,21,0
2660,16,7,3
2661,19,21,2
2662,16,17,2
2663,18,22,2
2664,20,19,1
2665,2,30,3
2666,2,3,5
2667,4,35,2
2668,9,11,3
2669,30,13,0
2670,19,20,1
2671,3,12,4
2672,0,8,5
2673,13,27,1
2674,28,13,1
2675,8,30,2
2676,14,17,2
2677,14,31,0
2678,12,21,2
2679,21,12,2
2680,14,26,2
2681,0,25,4
2682,18,29,0
2683,3,5,5
2684,6,16,3
2685,3,1,5
2686,2,31,3
2687,13,31,1
2688,7,5,4
2689,7,18,3
2690,11,20,2
2691,15,31,0
2692,5,23,2
2693,13,32,0
2694,10,13,3
2695,16,27,1
2696,23,10,2
2697,2,14,4
2698,1,6,5
2699,7,19,3
2700,15,16,2
2701,2,26,3
2702,25,0,2
2703,9,2,4
2704,27,15,1
2705,8,13,3
2706,2,29,3
2707,6,19,3
2708,23,28,0
2709,26,12,1
2710,11,28,1
2711,29,5,1
2712,8,25,3
2713,2,36,2
2714,8,35,0
2715,7,31,2
2716,8,3,4
2717,5,39,0
2718,28,21,0
2719,21,8,2
2720,3,2,5
2721,3,13,4
2722,2,41,0
2723,18,15,2
2724,12,19,2
2725,2,28,3
2726,24,14,1
2727,2,4,5
2728,2,30,2
2729,6,39,0
2730,22,5,2
2731,25,1,2
2732,8,21,3
2733,20,15,2
2734,23,3,2
2735,19,11,2
2736,7,15,3
2737,5,9,4
2738,1,26,3
2739,15,24,2
2740,8,18,3
2741,28,10,1
2742,19,5,3
2743,16,25,1
2744,4,20,3
2745,0,26,4
2746,17,0,3
2747,18,18,2
2748,16,2,3
2749,24,9,2
2750,12,27,2
2751,8,4,4
2752,4,11,4
2753,29,7,1
2754,1,7,5
2755,10,0,4
2756,29,22,0
2757,9,24,2
2758,27,23,0
2759,21,14,2
2760,7,6,4
2761,20,28,0
2762,0,33,3
2763,3,36,2
2764,0,20,4
2765,12,24,2
2766,20,15,1
2767,3,24,3
2768,13,12,3
2769,8,25,2
2770,10,24,2
2771,18,12,2
2772,2,24,3
2773,22,18,2
2774,19,17,2
2775,9,22,2
2776,6,32,2
2777,0,9,5
2778,10,29,2
2779,17,15,2
2780,1,17,4
2781,13,35,0
2782,1,37,2
2783,15,26,1
2784,24,26,1
2785,21,19,1
2786,9,25,3
2787,3,21,3
2788,2,31,2
2789,8,23,3
2790,25,27,0
2791,11,23,2
2792,7,26,2
2793,8,28,2
2794,10,34,0
2795,6,8,4
2796,13,19,2
2797,8,14,3
2798,15,4,3
2799,7,26,3
2800,17,1,3
2801,14,18,2
2802,13,9,3
2803,2,5,5
2804,14,32,0
2805,5,10,4
2806,27,21,0
2807,4,0,5
2808,20,20,1
2809,8,22,2
2810,19,22,2
2811,6,27,2
2812,4,40,0
2813,10,24,3
2814,0,42,0
2815,9,7,4
2816,0,28,4
2817,11,33,0
2818,23,4,2
2819,18,21,1
2820,5,40,0
2821,23,6,2
2822,3,23,3
2823,1,25,4
2824,10,1,4
2825,19,29,0
2826,4,26,3
2827,17,30,0
2828,2,25,3
2829,14,27,1
2830,10,18,3
2831,1,32,3
2832,12,33,0
2833,4,12,4
2834,27,17,1
2835,13,22,2
2836,20,22,2
2837,25,16,1
2838,27,22,1
2839,7,16,3
2840,27,25,0
2841,5,33,2
2842,9,30,2
2843,2,15,4
2844,16,31,0
2845,13,26,2
2846,8,5,4
2847,22,6,2
2848,3,14,4
2849,13,13,3
2850,3,3,5
2851,16,16,2
2852,11,13,3
2853,6,19,4
2854,25,25,0
2855,6,23,2
2856,16,3,3
2857,19,29,1
2858,12,25,2
2859,13,33,0
2860,9,12,3
2861,26,13,1
2862,9,9,4
2863,21,20,2
2864,4,1,5
2865,28,22,0
2866,26,1,2
2867,0,38,2
2868,1,8,5
2869,18,24,1
2870,9,13,3
2871,30,12,0
2872,0,10,5
2873,27,24,0
2874,26,10,2
2875,9,35,0
2876,12,28,1
2877,25,15,1
2878,21,15,2
2879,28,11,1
2880,9,20,2
2881,5,28,3
2882,2,37,2
2883,18,13,2
2884,9,3,4
2885,8,31,2
2886,3,29,3
2887,0,21,4
2888,7,39,0
2889,16,6,3
2890,14,31,1
2891,24,15,1
2892,29,8,1
2893,10,15,3
2894,1,18,4
2895,4,36,2
2896,7,25,3
2897,14,9,3
2898,5,20,4
2899,6,26,3
2900,26,0,2
2901,28,18,1
2902,24,27,0
2903,13,28,1
2904,17,25,1
2905,10,8,4
2906,3,41,0
2907,5,27,3
2908,10,20,2
2909,27,24,1
2910,18,1,3
2911,8,26,3
2912,12,12,3
2913,9,21,2
2914,8,31,1
2915,10,6,4
2916,25,12,2
2917,5,20,3
2918,4,29,3
2919,6,20,3
2920,24,24,0
2921,11,32,1
2922,19,12,2
2923,3,4,5
2924,18,0,3
2925,9,4,4
2926,18,8,3
2927,18,30,0
2928,1,19,4
2929,23,5,2
2930,25,2,2
2931,1,9,5
2932,1,24,4
2933,14,12,3
2934,26,14,1
2935,8,6,4
2936,19,21,1
2937,20,17,2
2938,11,0,4
2939,11,21,2
2940,11,29,2
2941,6,9,4
2942,4,25,2
2943,28,26,0
2944,27,5,2
2945,9,25,2
2946,30,17,0
2947,12,34,0
2948,2,16,4
2949,16,26,1
2950,2,33,3
2951,4,4,5
2952,6,17,3
2953,14,35,0
2954,7,32,2
2955,17,2,3
2956,19,19,2
2957,11,14,3
2958,0,11,5
2959,20,11,2
2960,10,36,0
2961,9,22,3
2962,10,25,3
2963,25,17,1
2964,9,23,3
2965,11,34,0
2966,13,11,3
2967,5,4,5
2968,15,32,0
2969,8,26,2
2970,26,16,1
2971,3,37,2
2972,8,36,0
2973,20,29,0
2974,13,30,1
2975,24,6,2
2976,3,25,3
2977,25,10,2
2978,9,17,3
2979,4,2,5
2980,3,30,2
2981,10,2,4
2982,25,25,1
2983,15,11,3
2984,19,23,2
2985,10,3,4
2986,7,16,4
2987,7,27,2
2988,10,7,4
2989,16,5,3
2990,15,27,1
2991,13,27,2
2992,11,24,3
2993,6,40,0
2994,25,13,2
2995,24,3,2
2996,25,28,0
2997,11,1,4
2998,17,31,0
2999,0,34,3
3000,17,16,2
3001,8,37,0
3002,2,42,0
3003,20,29,1
3004,5,0,5
3005,0,29,4
3006,15,6,3
3007,3,22,3
3008,1,26,4
3009,10,21,3
3010,2,25,4
3011,22,22,2
3012,9,5,4
3013,10,30,2
3014,22,22,1
3015,12,13,3
3016,10,11,3
3017,28,12,1
3018,16,4,3
3019,2,6,5
3020,4,13,4
3021,6,33,2
3022,19,24,1
3023,26,23,0
3024,14,33,0
3025,3,15,4
3026,9,18,3
3027,2,8,5
3028,0,22,4
3029,28,14,1
3030,7,19,4
3031,14,10,3
3032,16,8,3
3033,10,9,4
3034,9,26,3
3035,4,3,5
3036,19,8,3
3037,14,28,1
3038,16,34,0
3039,4,14,4
3040,4,28,3
3041,1,20,4
3042,8,15,3
3043,11,10,3
3044,5,1,5
3045,16,26,2
3046,25,3,2
3047,26,2,2
3048,17,6,3
3049,1,38,2
3050,2,7,5
3051,21,5,3
3052,8,19,3
3053,9,6,4
3054,10,21,2
3055,21,25,1
3056,25,26,0
3057,2,17,4
3058,6,28,3
3059,9,37,0
3060,27,1,2
3061,22,28,0
3062,9,31,2
3063,11,15,3
3064,27,2,2
3065,6,33,1
3066,18,25,1
3067,5,29,3
3068,2,9,5
3069,0,12,5
3070,0,13,5
3071,13,22,3
3072,18,4,3
3073,29,24,0
3074,28,21,1
3075,13,29,1
3076,5,21,4
3077,6,20,4
3078,11,8,4
3079,19,30,0
3080,5,34,2
3081,17,3,3
3082,15,10,3
3083,18,2,3
3084,13,28,2
3085,9,31,1
3086,19,0,3
3087,27,0,2
3088,3,27,3
3089,15,12,3
3090,28,24,1
3091,16,32,0
3092,4,41,0
3093,17,19,2
3094,7,20,3
3095,23,19,1
3096,0,39,2
3097,24,4,2
3098,5,11,4
3099,2,26,4
3100,3,25,4
3101,24,11,2
3102,17,26,1
3103,2,32,3
3104,10,25,2
3105,12,0,4
3106,13,34,0
3107,3,6,5
3108,12,29,2
3109,21,11,2
3110,14,20,2
3111,17,12,3
3112,27,16,1
3113,10,17,3
3114,19,4,3
3115,12,14,3
3116,20,26,1
3117,23,21,1
3118,21,29,0
3119,22,10,2
3120,14,27,2
3121,7,17,3
3122,4,22,3
3123,3,16,4
3124,8,32,2
3125,19,1,3
3126,10,20,3
3127,11,36,0
3128,14,11,3
3129,16,9,3
3130,10,23,3
3131,6,18,3
3132,30,14,0
3133,17,17,2
3134,11,21,3
3135,1,33,3
3136,29,12,1
3137,26,3,2
3138,4,30,3
3139,1,10,5
3140,12,29,1
3141,9,26,2
3142,22,7,2
3143,12,26,2
3144,9,36,0
3145,13,21,2
3146,0,0,6
3147,29,9,1
3148,17,5,3
3149,28,15,1
3150,10,4,4
3151,0,43,0
3152,17,31,1
3153,11,2,4
3154,10,26,3
3155,18,16,2
3156,18,31,0
3157,4,37,2
3158,23,20,2
3159,6,10,4
3160,5,12,4
3161,8,38,0
3162,11,7,4
3163,2,38,2
3164,8,27,2
3165,5,2,5
3166,12,1,4
3167,2,18,4
3168,25,4,2
3169,23,11,2
3170,21,9,2
3171,20,24,1
3172,10,5,4
3173,24,7,2
3174,11,16,3
3175,0,23,4
3176,24,8,2
3177,11,30,1
3178,25,19,1
3179,15,33,0
3180,0,1,6
3181,17,34,0
3182,11,30,2
3183,17,4,3
3184,3,42,0
3185,6,0,5
3186,17,23,2
3187,1,27,4
3188,30,15,0
3189,2,24,4
3190,19,13,2
3191,2,19,4
3192,21,22,2
3193,15,28,1
3194,13,23,3
3195,11,9,4
3196,29,10,1
3197,5,3,5
3198,18,6,3
3199,4,15,4
3200,14,6,4
3201,26,26,0
3202,9,14,3
3203,0,30,4
3204,25,18,2
3205,11,35,0
3206,11,3,4
3207,11,22,3
3208,8,16,3
3209,7,9,4
3210,24,5,2
3211,22,20,1
3212,23,8,2
3213,7,33,2
3214,14,15,3
3215,12,15,3
3216,19,2,3
3217,26,22,0
3218,1,11,5
3219,19,23,1
3220,0,35,3
3221,17,7,3
3222,9,19,3
3223,20,0,3
3224,10,31,2
3225,20,30,0
3226,12,30,2
3227,3,26,3
3228,18,3,3
3229,28,0,2
3230,5,22,3
3231,3,17,4
3232,15,27,2
3233,20,23,2
3234,14,22,3
3235,9,15,3
3236,22,11,2
3237,3,38,2
3238,12,8,4
3239,29,25,0
3240,9,20,3
3241,26,4,2
3242,4,25,4
3243,7,28,2
3244,6,3,5
3245,6,1,5
3246,17,32,0
3247,20,10,2
3248,6,29,3
3249,1,12,5
3250,14,21,2
3251,10,31,1
3252,6,34,2
3253,26,12,2
3254,18,26,1
3255,5,22,4
3256,1,21,4
3257,23,20,1
3258,20,1,3
3259,12,22,3
3260,23,12,2
3261,0,14,5
3262,20,11,3
3263,5,13,4
3264,11,25,3
3265,22,29,0
3266,8,17,3
3267,14,34,0
3268,22,8,2
3269,3,31,3
3270,13,29,2
3271,13,14,3
3272,1,34,3
3273,26,6,2
3274,29,13,1
3275,3,26,4
3276,0,2,6
3277,13,0,4
3278,4,24,3
3279,4,23,4
3280,18,29,1
3281,28,16,1
3282,1,39,2
3283,10,35,0
3284,5,30,3
3285,12,2,4
3286,15,14,3
3287,3,7,5
3288,9,32,2
3289,25,5,2
3290,4,16,4
3291,20,17,1
3292,12,25,3
3293,21,10,2
3294,23,24,1
3295,1,22,4
3296,26,7,2
3297,13,37,0
3298,14,29,1
3299,19,31,1
3300,19,31,0
3301,19,16,2
3302,1,13,5
3303,11,26,3
3304,9,32,1
3305,11,4,4
3306,28,28,0
3307,7,21,4
3308,17,8,3
3309,4,31,3
3310,2,20,4
3311,21,24,1
3312,23,3,3
3313,29,11,1
3314,28,1,2
3315,9,16,3
3316,14,13,3
3317,6,11,4
3318,4,5,5
3319,17,27,1
3320,16,24,2
3321,16,10,3
3322,12,16,3
3323,9,27,2
3324,15,20,2
3325,6,12,4
3326,4,23,3
3327,5,37,2
3328,2,43,0
3329,16,33,0
3330,25,8,2
3331,13,1,4
3332,21,13,2
3333,1,0,6
3334,13,30,2
3335,26,5,2
3336,6,2,5
3337,0,3,6
3338,3,18,4
3339,3,28,3
3340,24,28,0
3341,26,17,1
3342,18,7,3
3343,5,35,2
3344,0,23,5
3345,12,35,0
3346,23,5,3
3347,1,42,0
3348,22,12,2
3349,23,18,2
3350,3,8,5
3351,8,33,1
3352,21,27,1
3353,12,9,4
3354,20,25,1
3355,28,26,1
3356,11,31,2
3357,15,6,4
3358,30,16,0
3359,16,28,1
3360,8,33,2
3361,0,40,2
3362,4,6,5
3363,10,15,4
3364,4,42,0
3365,20,23,1
3366,7,0,5
3367,1,1,6
3368,12,3,4
3369,19,3,3
3370,5,25,4
3371,4,26,4
3372,21,30,0
3373,13,15,3
3374,20,4,3
3375,1,29,4
3376,0,15,5
3377,22,21,1
3378,6,27,3
3379,24,20,2
3380,21,25,2
3381,22,9,2
3382,17,9,3
3383,21,0,3
3384,15,29,1
3385,13,20,3
3386,20,12,3
3387,2,10,5
3388,12,31,2
3389,15,32,1
3390,20,13,2
3391,20,2,3
3392,3,34,3
3393,18,32,0
3394,0,25,5
3395,26,15,2
3396,8,28,3
3397,27,3,2
3398,7,10,4
3399,5,5,5
3400,13,8,4
3401,4,17,4
3402,24,10,2
3403,15,21,2
3404,13,2,4
3405,7,1,5
3406,1,35,3
3407,0,4,6
3408,6,22,4
3409,22,26,1
3410,24,20,1
3411,11,5,4
3412,19,26,1
3413,21,26,1
3414,27,6,2
3415,23,29,0
3416,13,10,4
3417,13,24,2
3418,11,31,1
3419,4,38,2
3420,16,32,1
3421,11,23,3
3422,5,34,3
3423,2,11,5
3424,0,44,0
3425,7,29,3
3426,25,5,3
3427,1,28,4
3428,14,14,3
3429,0,31,4
3430,30,20,0
3431,16,11,3
3432,23,23,1
3433,8,39,0
3434,7,34,2
3435,15,34,0
3436,28,17,1
3437,19,6,3
3438,12,24,3
3439,3,23,4
3440,14,29,2
3441,12,6,4
3442,21,1,3
3443,21,3,3
3444,1,14,5
3445,25,9,2
3446,5,14,4
3447,16,14,3
3448,10,22,3
3449,14,2,4
3450,23,29,1
3451,4,7,5
3452,14,0,4
3453,10,14,3
3454,13,25,2
3455,1,23,4
3456,0,36,3
3457,20,31,0
3458,28,2,2
3459,14,23,3
3460,20,16,2
3461,18,27,1
3462,22,1,3
3463,25,17,2
3464,10,32,2
3465,10,32,1
3466,3,19,4
3467,6,30,3
3468,0,16,5
3469,3,22,4
3470,14,19,3
3471,3,39,2
3472,12,4,4
3473,1,2,6
3474,12,28,2
3475,21,16,2
3476,15,13,3
3477,2,39,2
3478,15,18,3
3479,0,5,6
3480,17,24,2
3481,20,12,2
3482,17,10,3
3483,22,13,2
3484,8,9,4
3485,15,29,2
3486,12,26,3
3487,0,17,5
3488,7,11,4
3489,13,11,4
3490,0,24,5
3491,17,33,0
3492,5,31,3
3493,19,7,3
3494,11,18,3
3495,11,32,2
3496,10,27,2
3497,9,19,4
3498,17,25,2
3499,14,30,2
3500,22,15,2
3501,5,6,5
3502,26,19,2
3503,15,18,2
3504,2,27,4
3505,6,35,2
3506,16,13,3
3507,4,18,4
3508,17,28,1
3509,6,13,4
3510,15,23,3
3511,7,2,5
3512,14,21,3
3513,22,30,0
3514,28,19,1
3515,9,28,2
3516,22,3,3
3517,29,14,1
3518,13,9,4
3519,6,35,1
3520,6,29,2
3521,13,21,3
3522,2,21,4
3523,20,3,3
3524,2,0,6
3525,22,0,3
3526,0,26,5
3527,13,3,4
3528,14,24,2
3529,1,3,6
3530,16,12,3
3531,14,1,4
3532,21,18,2
3533,18,9,3
3534,9,33,2
3535,12,17,4
3536,5,18,5
3537,27,7,2
3538,5,23,4
3539,7,24,3
3540,1,23,5
3541,21,2,3
3542,12,17,3
3543,7,22,4
3544,25,6,3
3545,15,5,4
3546,4,32,3
3547,26,9,2
3548,16,20,2
3549,26,22,1
3550,14,20,3
3551,1,30,4
3552,19,32,0
3553,27,22,0
3554,0,6,6
3555,5,16,4
3556,6,23,4
3557,1,40,2
3558,5,24,4
3559,13,31,2
3560,9,20,4
3561,23,26,1
3562,16,22,3
3563,24,29,0
3564,4,27,4
3565,5,15,4
3566,16,21,2
3567,2,1,6
3568,6,4,5
3569,8,10,4
3570,23,23,2
3571,3,28,4
3572,8,0,5
3573,11,6,4
3574,14,8,4
3575,3,9,5
3576,8,1,5
3577,29,26,0
3578,12,23,3
3579,4,8,5
3580,4,9,5
3581,15,36,0
3582,17,20,2
3583,7,32,1
3584,2,22,4
3585,3,10,5
3586,10,37,0
3587,2,34,3
3588,17,11,3
3589,27,27,0
3590,20,6,3
3591,3,20,4
3592,9,28,3
3593,18,19,2
3594,6,5,5
3595,26,27,0
3596,24,21,1
3597,0,18,5
3598,28,3,2
3599,3,35,3
3600,18,25,2
3601,8,29,3
3602,13,24,3
3603,7,12,4
3604,16,29,2
3605,5,36,2
3606,1,4,6
3607,2,12,5
3608,3,32,3
3609,7,9,5
3610,21,31,0
3611,17,30,1
3612,23,22,1
3613,8,34,2
3614,5,19,5
3615,2,28,4
3616,30,21,0
3617,19,27,1
3618,19,18,2
3619,14,25,2
3620,22,14,2
3621,15,22,2
3622,15,0,4
3623,1,31,4
3624,13,16,3
3625,5,7,5
3626,2,13,5
3627,8,41,0
3628,10,19,3
3629,20,18,2
3630,27,26,0
3631,18,10,3
3632,12,32,2
3633,0,34,1
3634,13,25,3
3635,9,21,3
3636,26,28,0
3637,16,18,3
3638,0,7,6
3639,0,41,2
3640,18,24,2
3641,2,23,4
3642,0,32,4
3643,6,14,4
3644,23,13,2
3645,13,36,1
3646,3,27,4
3647,7,30,3
3648,1,36,3
3649,25,18,1
3650,13,36,0
3651,28,23,1
3652,15,1,4
3653,24,12,2
3654,18,33,0
3655,12,5,4
3656,6,17,5
3657,8,11,4
3658,3,11,5
3659,26,17,2
3660,12,18,3
3661,27,8,2
3662,24,19,2
3663,28,20,1
3664,24,14,2
3665,22,25,1
3666,22,2,3
3667,0,35,1
3668,0,42,1
3669,22,16,2
3670,3,12,5
3671,2,2,6
3672,5,17,4
3673,15,30,2
3674,22,24,1
3675,14,18,3
3676,11,27,2
3677,15,15,3
3678,23,30,0
3679,23,25,2
3680,3,20,5
3681,4,19,4
3682,1,5,6
3683,6,31,3
3684,12,32,1
3685,18,28,1
3686,23,1,3
3687,22,14,3
3688,15,9,4
3689,16,23,3
3690,4,21,5
3691,26,20,2
3692,27,18,1
3693,19,9,3
3694,7,13,4
3695,16,15,3
3696,9,38,0
3697,14,9,4
3698,7,35,2
3699,22,12,3
3700,10,12,4
3701,15,17,3
3702,23,0,3
3703,15,31,1
3704,7,14,4
3705,10,28,2
3706,15,35,0
3707,6,24,4
3708,0,37,3
3709,0,19,5
3710,25,11,2
3711,0,43,1
3712,23,4,3
3713,13,17,3
3714,6,6,5
3715,10,33,1
3716,4,43,0
3717,20,32,0
3718,7,35,1
3719,0,27,5
3720,25,29,0
3721,6,15,4
3722,27,28,1
3723,7,23,4
3724,7,3,5
3725,17,32,1
3726,8,40,0
3727,12,27,3
3728,17,29,1
3729,13,7,4
3730,0,8,6
3731,8,24,3
3732,6,18,5
3733,0,41,1
3734,30,18,0
3735,14,31,2
3736,0,36,1
3737,3,0,6
3738,13,4,4
3739,10,20,4
3740,18,20,2
3741,9,10,4
3742,13,17,4
3743,1,24,5
3744,2,3,6
3745,15,8,4
3746,5,32,3
3747,2,23,5
3748,24,11,3
3749,10,33,2
3750,16,36,0
3751,9,0,5
3752,7,25,4
3753,2,14,5
3754,1,16,5
3755,18,32,1
3756,7,4,5
3757,25,21,1
3758,0,45,0
3759,18,21,3
3760,1,15,5
3761,3,23,5
3762,5,27,4
3763,3,40,2
3764,15,10,4
3765,21,4,3
3766,2,40,2
3767,8,2,5
3768,28,4,2
3769,10,27,3
3770,26,11,2
3771,14,16,3
3772,1,6,6
3773,28,25,1
3774,11,37,0
3775,21,14,3
3776,29,16,1
3777,16,19,3
3778,22,31,0
3779,11,17,4
3780,3,1,6
3781,20,14,2
3782,24,22,1
3783,17,22,3
3784,2,36,3
3785,27,20,2
3786,14,3,4
3787,17,29,2
3788,21,17,2
3789,8,22,4
3790,4,11,5
3791,11,17,3
3792,8,12,4
3793,14,24,3
3794,27,19,1
3795,9,14,4
3796,20,27,1
3797,5,8,5
3798,30,19,0
3799,6,36,3
3800,27,9,2
3801,9,29,3
3802,15,2,4
3803,29,27,0
3804,23,30,1
3805,8,20,3
3806,7,5,5
3807,10,18,4
3808,23,14,2
3809,13,6,4
3810,23,6,3
3811,15,25,2
3812,26,18,2
3813,9,34,2
3814,4,27,3
3815,8,9,5
3816,16,0,4
3817,15,28,2
3818,7,38,2
3819,6,19,5
3820,1,41,0
3821,7,40,0
3822,25,19,2
3823,30,22,0
3824,6,7,5
3825,15,25,3
3826,2,4,6
3827,29,18,1
3828,6,36,2
3829,13,32,2
3830,26,25,1
3831,3,44,0
3832,12,36,1
3833,4,28,4
3834,19,33,0
3835,2,35,3
3836,0,9,6
3837,8,16,5
3838,13,5,4
3839,14,36,1
3840,27,12,2
3841,18,11,3
3842,2,29,4
3843,27,28,0
3844,14,36,0
3845,23,25,1
3846,10,22,4
3847,9,1,5
3848,6,16,4
3849,27,33,0
3850,20,19,3
3851,0,37,1
3852,13,18,3
3853,21,18,3
3854,24,30,0
3855,5,21,5
3856,15,16,3
3857,8,30,3
3858,24,25,2
3859,4,10,5
3860,24,0,3
3861,16,2,4
3862,2,41,2
3863,19,20,3
3864,6,25,4
3865,24,1,3
3866,22,17,2
3867,2,34,4
3868,5,26,4
3869,6,41,0
3870,19,28,1
3871,11,20,3
3872,3,21,4
3873,1,32,4
3874,15,30,1
3875,16,30,2
3876,20,5,3
3877,13,27,3
3878,16,25,3
3879,5,39,2
3880,9,22,4
3881,12,21,3
3882,2,16,6
3883,17,23,3
3884,25,24,2
3885,0,33,4
3886,8,3,5
3887,7,24,4
3888,15,11,4
3889,2,35,1
3890,24,18,2
3891,26,29,0
3892,3,14,5
3893,20,7,3
3894,16,9,4
3895,3,36,3
3896,7,31,3
3897,4,20,5
3898,3,2,6
3899,29,19,1
3900,17,21,3
3901,24,2,3
3902,16,35,0
3903,23,16,2
3904,19,14,2
3905,10,38,0
3906,11,12,4
3907,21,32,0
3908,14,17,3
3909,8,35,2
3910,11,22,4
3911,2,5,6
3912,11,28,2
3913,17,21,2
3914,14,10,4
3915,16,21,3
3916,1,17,5
3917,7,6,5
3918,16,27,2
3919,6,43,0
3920,0,28,5
3921,14,7,4
3922,12,37,0
3923,28,6,2
3924,23,2,3
3925,14,4,4
3926,9,15,4
3927,8,35,1
3928,20,19,2
3929,1,25,5
3930,15,31,2
3931,16,1,4
3932,18,21,2
3933,19,20,2
3934,22,29,1
3935,5,18,4
3936,11,20,4
3937,9,24,3
3938,18,31,1
3939,26,22,2
3940,27,10,2
3941,8,4,5
3942,20,20,3
3943,17,14,3
3944,26,23,1
3945,1,37,3
3946,9,11,4
3947,7,15,4
3948,14,25,3
3949,28,5,2
3950,11,33,2
3951,23,31,0
3952,12,36,0
3953,8,23,4
3954,0,10,6
3955,26,29,1
3956,2,15,5
3957,1,7,6
3958,0,42,2
3959,2,32,4
3960,6,32,3
3961,16,6,4
3962,23,35,0
3963,18,34,0
3964,8,25,4
3965,10,0,5
3966,24,13,2
3967,26,5,3
3968,25,22,1
3969,2,17,6
3970,19,7,4
3971,4,0,6
3972,19,28,2
3973,5,9,5
3974,24,30,1
3975,8,42,0
3976,3,3,6
3977,27,26,1
3978,15,33,1
3979,0,20,5
3980,18,29,2
3981,11,28,3
3982,6,27,4
3983,15,3,4
3984,25,16,2
3985,9,12,4
3986,16,12,4
3987,4,39,2
3988,10,21,4
3989,3,13,5
3990,20,32,1
3991,13,16,4
3992,8,13,4
3993,12,20,3
3994,25,20,2
3995,6,17,4
3996,2,45,0
3997,17,15,3
3998,15,19,3
3999,26,2,3
4000,17,13,3
4001,10,24,4
4002,16,25,2
4003,0,38,1
4004,25,3,3
4005,24,21,2
4006,8,5,5
4007,10,29,3
4008,4,1,6
4009,25,20,1
4010,2,6,6
4011,8,14,4
4012,18,18,3
4013,15,12,4
4014,16,10,4
4015,10,34,2
4016,16,5,4
4017,3,15,6
4018,3,15,5
4019,9,9,5
4020,20,33,0
4021,8,17,4
4022,10,19,4
4023,0,38,3
4024,9,21,4
4025,26,23,2
4026,25,30,0
4027,14,32,2
4028,5,33,3
4029,14,5,4
4030,18,28,2
4031,4,28,5
4032,0,44,1
4033,21,19,3
4034,8,38,2
4035,17,0,4
4036,1,18,5
4037,10,10,4
4038,29,20,1
4039,15,36,1
4040,0,39,1
4041,24,25,1
4042,15,14,4
4043,9,2,5
4044,25,25,2
4045,9,39,0
4046,15,26,2
4047,7,36,2
4048,9,16,5
4049,0,22,5
4050,14,18,4
4051,18,12,3
4052,1,19,5
4053,5,38,2
4054,14,14,4
4055,20,28,1
4056,5,28,4
4057,11,13,4
4058,17,1,4
4059,3,4,6
4060,19,22,3
4061,17,30,2
4062,25,0,3
4063,29,15,1
4064,18,14,3
4065,4,44,0
4066,28,32,0
4067,28,22,1
4068,23,15,2
4069,22,4,3
4070,6,8,5
4071,9,30,3
4072,27,27,1
4073,24,3,3
4074,16,30,1
4075,5,10,5
4076,18,23,3
4077,19,21,3
4078,27,20,1
4079,8,17,5
4080,4,21,4
4081,11,28,4
4082,2,16,5
4083,0,11,6
4084,3,21,5
4085,7,17,4
4086,26,13,2
4087,16,11,4
4088,22,32,0
4089,17,9,4
4090,6,26,4
4091,1,41,2
4092,21,19,2
4093,4,34,4
4094,3,29,4
4095,7,41,0
4096,27,29,0
4097,28,7,2
4098,4,12,5
4099,17,35,0
4100,3,24,4
4101,6,37,2
4102,27,13,2
4103,15,24,3
4104,7,28,3
4105,2,30,4
4106,19,32,1
4107,21,6,3
4108,3,16,6
4109,20,16,3
4110,4,35,1
4111,21,27,2
4112,27,22,2
4113,7,18,5
4114,11,38,0
4115,27,11,2
4116,8,31,3
4117,7,8,5
4118,24,24,2
4119,21,7,3
4120,9,3,5
4121,5,11,5
4122,18,27,2
4123,6,39,2
4124,1,22,5
4125,10,1,5
4126,20,13,3
4127,12,22,4
4128,15,4,4
4129,2,10,6
4130,12,33,2
4131,4,33,3
4132,26,4,3
4133,0,21,5
4134,20,20,2
4135,4,36,3
4136,22,6,3
4137,8,15,4
4138,15,7,4
4139,7,7,5
4140,0,46,0
4141,16,16,3
4142,16,31,2
4143,26,24,2
4144,24,31,0
4145,0,20,6
4146,22,32,1
4147,14,37,2
4148,20,21,3
4149,15,17,4
4150,13,33,2
4151,9,35,2
4152,25,1,3
4153,0,40,1
4154,0,29,5
4155,16,13,4
4156,4,2,6
4157,24,17,2
4158,2,43,1
4159,3,5,6
4160,29,17,1
4161,7,20,4
4162,8,19,4
4163,4,20,4
4164,26,24,1
4165,9,23,4
4166,12,28,3
4167,24,13,3
4168,30,23,0
4169,1,8,6
4170,19,34,0
4171,1,26,5
4172,22,27,1
4173,20,28,2
4174,17,6,4
4175,20,7,4
4176,19,29,2
4177,7,43,0
4178,0,34,4
4179,3,41,1
4180,2,25,5
4181,15,22,3
4182,17,2,4
4183,8,35,3
4184,18,20,3
4185,8,18,5
4186,22,26,2
4187,3,43,0
4188,21,15,3
4189,13,34,1
4190,17,3,4
4191,21,32,1
4192,3,37,3
4193,3,22,5
4194,12,12,4
4195,14,37,0
4196,20,18,3
4197,27,29,1
4198,10,25,4
4199,17,12,4
4200,18,13,3
4201,11,19,3
4202,4,36,1
4203,7,32,3
4204,2,18,6
4205,1,9,6
4206,22,5,3
4207,2,37,3
4208,26,16,2
4209,19,18,3
4210,16,3,4
4211,14,16,4
4212,8,18,4
4213,8,26,4
4214,0,45,1
4215,2,42,2
4216,25,21,2
4217,22,8,3
4218,26,27,1
4219,8,23,5
4220,29,28,0
4221,6,27,5
4222,17,15,4
4223,0,46,1
4224,11,14,4
4225,4,3,6
4226,4,24,5
4227,21,33,0
4228,14,27,3
4229,11,29,3
4230,26,30,0
4231,11,24,4
4232,1,20,5
4233,18,1,4
4234,9,4,5
4235,20,31,1
4236,6,42,0
4237,1,10,6
4238,4,22,4
4239,25,14,2
4240,1,33,4
4241,9,5,5
4242,11,34,2
4243,18,7,4
4244,3,45,0
4245,18,22,3
4246,10,29,4
4247,4,29,4
4248,11,0,5
4249,18,25,3
4250,10,9,5
4251,0,21,6
4252,20,8,3
4253,10,2,5
4254,21,20,3
4255,8,15,5
4256,27,14,2
4257,13,18,4
4258,16,14,4
4259,27,34,0
4260,10,11,4
4261,26,1,3
4262,18,0,4
4263,2,17,5
4264,5,0,6
4265,15,32,2
4266,4,15,6
4267,21,28,1
4268,11,1,5
4269,21,21,3
4270,5,19,4
4271,24,15,2
4272,7,27,3
4273,6,40,1
4274,18,30,2
4275,5,1,6
4276,6,33,3
4277,25,29,1
4278,23,26,2
4279,10,39,0
4280,16,36,1
4281,25,15,2
4282,18,30,1
4283,8,19,5
4284,5,20,5
4285,26,3,3
4286,23,32,0
4287,8,25,5
4288,7,27,4
4289,8,21,4
4290,10,40,2
4291,12,23,4
4292,13,19,4
4293,6,28,4
4294,5,29,4
4295,10,30,3
4296,12,13,4
4297,16,17,3
4298,2,24,6
4299,21,36,0
4300,22,31,1
4301,9,13,4
4302,12,28,4
4303,17,18,3
4304,4,4,6
4305,23,15,3
4306,9,17,5
4307,11,21,4
4308,18,35,0
4309,6,44,0
4310,26,34,0
4311,0,39,3
4312,18,33,1
4313,0,12,6
4314,3,16,5
4315,2,44,0
4316,4,35,3
4317,21,28,2
4318,4,37,1
4319,11,8,5
4320,16,24,3
4321,5,23,5
4322,22,27,2
4323,20,21,2
4324,2,19,5
4325,24,29,1
4326,0,0,7
4327,10,21,5
4328,11,39,2
4329,25,26,1
4330,25,2,3
4331,8,16,4
4332,26,35,0
4333,24,17,3
4334,7,26,4
4335,4,13,5
4336,0,13,6
4337,22,19,2
4338,15,26,3
4339,5,28,5
4340,16,4,4
4341,9,24,4
4342,23,16,3
4343,12,38,0
4344,17,16,3
4345,10,8,5
4346,13,26,3
4347,5,34,4
4348,29,29,0
4349,10,3,5
4350,27,24,2
4351,4,40,2
4352,13,22,4
4353,3,17,6
4354,27,21,1
4355,17,31,2
4356,22,25,2
4357,11,10,4
4358,8,20,4
4359,26,0,3
4360,5,41,0
4361,11,15,4
4362,9,42,0
4363,27,23,2
4364,5,43,0
4365,26,21,1
4366,5,35,1
4367,24,14,3
4368,8,6,5
4369,3,30,4
4370,14,26,4
4371,6,20,5
4372,4,38,1
4373,15,37,2
4374,26,30,1
4375,9,11,5
4376,0,1,7
4377,3,25,5
4378,17,13,4
4379,0,22,6
4380,9,37,2
4381,23,27,1
4382,19,38,0
4383,19,24,2
4384,13,19,3
4385,2,22,5
4386,20,34,0
4387,12,39,2
4388,25,31,0
4389,1,38,3
4390,18,2,4
4391,10,35,2
4392,20,29,2
4393,10,16,4
4394,4,38,3
4395,10,16,5
4396,1,21,5
4397,7,17,5
4398,17,28,2
4399,13,28,3
4400,24,32,0
4401,10,23,4
4402,19,15,3
4403,17,33,1
4404,9,31,3
4405,6,40,2
4406,17,26,2
4407,14,33,2
4408,12,19,3
4409,17,16,4
4410,2,46,0
4411,2,8,6
4412,2,18,5
4413,23,17,3
4414,1,19,6
4415,4,39,1
4416,18,39,0
4417,20,23,3
4418,1,27,5
4419,12,2,5
4420,15,34,1
4421,5,12,5
4422,21,31,1
4423,23,8,3
4424,28,28,1
4425,4,5,6
4426,15,37,0
4427,0,43,2
4428,10,10,5
4429,8,43,0
4430,14,17,4
4431,15,15,4
4432,2,26,5
4433,8,13,5
4434,6,18,4
4435,15,16,4
4436,22,33,0
4437,12,7,5
4438,11,25,4
4439,14,11,4
4440,24,20,3
4441,4,25,5
4442,2,31,4
4443,16,18,4
4444,9,40,0
4445,1,34,4
4446,8,30,4
4447,26,31,0
4448,4,22,5
4449,21,11,4
4450,13,27,4
4451,2,24,5
4452,16,15,4
4453,10,30,4
4454,24,6,3
4455,24,26,2
4456,9,26,4
4457,27,15,2
4458,8,32,3
4459,3,39,3
4460,29,24,1
4461,27,30,0
4462,3,6,6
4463,8,27,3
4464,25,30,1
4465,2,9,6
4466,5,19,6
4467,22,20,3
4468,0,30,5
4469,12,24,4
4470,7,27,5
4471,7,37,2
4472,12,29,3
4473,16,32,2
4474,19,11,3
4475,11,20,5
4476,19,23,3
4477,19,1,4
4478,28,33,0
4479,5,2,6
4480,22,28,1
4481,10,31,3
4482,10,7,5
4483,13,20,4
4484,22,21,3
4485,10,28,3
4486,24,7,3
4487,11,11,4
4488,0,35,4
4489,19,2,4
4490,27,30,1
4491,5,3,6
4492,17,14,4
4493,5,24,5
4494,0,14,6
4495,12,34,2
4496,19,30,2
4497,11,9,5
4498,11,29,4
4499,7,42,0
4500,26,28,1
4501,8,27,4
4502,29,23,1
4503,28,12,2
4504,11,2,5
4505,17,36,0
4506,12,0,5
4507,19,30,1
4508,24,4,3
4509,17,25,3
4510,4,14,5
4511,3,7,6
4512,21,13,3
4513,17,36,1
4514,12,1,5
4515,23,17,2
4516,0,2,7
4517,19,39,0
4518,19,17,3
4519,19,0,4
4520,11,16,4
4521,25,24,1
4522,4,45,0
4523,20,9,3
4524,3,17,5
4525,8,7,5
4526,14,8,5
4527,24,15,3
4528,17,26,3
4529,1,21,6
4530,23,31,1
4531,27,7,3
4532,11,39,0
4533,7,40,1
4534,6,0,6
4535,25,36,0
4536,10,4,5
4537,7,33,3
4538,13,23,4
4539,11,33,3
4540,13,13,4
4541,22,16,3
4542,17,17,3
4543,10,36,3
4544,21,29,1
4545,6,28,5
4546,4,16,6
4547,19,16,3
4548,19,35,0
4549,29,21,1
4550,19,33,1
4551,10,13,4
4552,9,36,2
4553,2,42,1
4554,13,6,5
4555,3,42,2
4556,11,30,3
4557,8,20,5
4558,25,11,3
4559,28,10,2
4560,18,23,2
4561,17,24,3
4562,22,3,4
4563,12,21,4
4564,22,20,2
4565,9,17,4
4566,13,34,2
4567,7,28,4
4568,21,16,3
4569,24,16,3
4570,6,29,4
4571,27,25,2
4572,21,8,3
4573,12,8,5
4574,7,31,4
4575,1,42,2
4576,28,29,1
4577,8,26,5
4578,5,20,6
4579,6,21,5
4580,13,40,0
4581,11,21,5
4582,25,15,3
4583,2,20,5
4584,19,25,3
4585,12,10,4
4586,25,10,3
4587,28,8,2
4588,6,1,6
4589,25,14,3
4590,9,35,3
4591,20,27,2
4592,24,27,1
4593,25,4,3
4594,18,31,2
4595,14,26,3
4596,6,26,5
4597,18,16,3
4598,17,7,4
4599,3,38,3
4600,13,38,0
4601,29,30,0
4602,23,7,3
4603,0,47,1
4604,7,18,4
4605,5,37,1
4606,7,19,5
4607,11,12,5
4608,12,15,4
4609,12,20,4
4610,29,22,1
4611,0,3,7
4612,30,25,0
4613,9,6,5
4614,6,10,5
4615,20,24,2
4616,11,33,1
4617,7,44,0
4618,14,22,4
4619,21,34,0
4620,3,8,6
4621,1,11,6
4622,24,16,2
4623,15,26,4
4624,10,5,5
4625,23,9,3
4626,4,24,4
4627,22,7,4
4628,1,12,6
4629,10,26,4
4630,14,38,0
4631,22,4,4
4632,21,29,2
4633,14,28,2
4634,8,37,2
4635,4,16,5
4636,1,0,7
4637,14,12,4
4638,17,4,4
4639,23,32,1
4640,6,34,4
4641,3,35,1
4642,9,40,1
4643,15,33,2
4644,10,11,5
4645,12,29,4
4646,5,40,2
4647,16,7,4
4648,11,3,5
4649,0,23,6
4650,4,15,5
4651,3,18,6
4652,5,30,4
4653,22,22,3
4654,7,15,5
4655,18,24,3
4656,26,31,1
4657,24,5,3
4658,9,12,5
4659,13,39,2
4660,4,30,4
4661,17,18,4
4662,15,27,3
4663,21,9,4
4664,26,14,2
4665,21,23,3
4666,18,15,3
4667,19,12,4
4668,3,31,4
4669,25,7,3
4670,3,43,1
4671,22,28,2
4672,14,28,3
4673,4,29,5
4674,12,35,2
4675,22,8,4
4676,27,16,2
4677,24,8,3
4678,7,20,5
4679,11,4,5
4680,11,23,4
4681,1,1,7
4682,10,24,5
4683,23,33,0
4684,16,34,1
4685,8,14,5
4686,1,22,6
4687,16,16,4
4688,14,28,4
4689,24,19,3
4690,7,10,5
4691,5,44,0
4692,12,35,1
4693,8,24,4
4694,6,34,3
4695,29,31,0
4696,16,37,0
4697,1,20,6
4698,0,14,7
4699,2,21,5
4700,19,25,2
4701,13,28,4
4702,12,37,2
4703,20,10,3
4704,17,5,4
4705,6,38,2
4706,11,10,5
4707,3,18,5
4708,9,25,5
4709,19,10,4
4710,13,14,4
4711,27,0,3
4712,12,25,4
4713,12,32,3
4714,23,28,1
4715,0,4,7
4716,28,17,2
4717,20,22,3
4718,11,26,4
4719,3,46,0
4720,9,43,0
4721,2,27,5
4722,4,7,6
4723,12,41,0
4724,28,35,0
4725,4,31,4
4726,18,3,4
4727,22,13,3
4728,18,11,4
4729,3,26,5
4730,25,13,3
4731,0,40,3
4732,6,7,6
4733,13,41,0
4734,20,2,4
4735,6,21,4
4736,26,27,2
4737,12,11,4
4738,25,32,0
4739,9,32,3
4740,18,14,4
4741,5,13,5
4742,5,22,5
4743,7,28,5
4744,20,0,4
4745,13,29,3
4746,23,6,4
4747,6,11,5
4748,10,14,4
4749,10,27,4
4750,26,26,1
4751,16,31,1
4752,4,6,6
4753,1,43,2
4754,13,24,4
4755,28,13,2
4756,8,36,2
4757,20,30,2
4758,20,30,1
4759,18,36,0
4760,0,15,6
4761,5,15,6
4762,8,27,5
4763,27,25,1
4764,19,10,3
4765,4,39,3
4766,2,11,6
4767,24,31,1
4768,6,2,6
4769,12,9,5
4770,5,4,6
4771,20,11,4
4772,18,36,1
4773,2,38,3
4774,21,9,3
4775,14,34,2
4776,9,27,3
4777,5,36,3
4778,29,32,0
4779,14,29,3
4780,4,42,1
4781,1,39,3
4782,18,26,2
4783,20,1,4
4784,12,16,4
4785,18,17,3
4786,19,15,4
4787,25,12,3
4788,16,19,4
4789,0,31,5
4790,10,38,2
4791,6,24,5
4792,18,26,3
4793,6,34,1
4794,1,28,5
4795,10,17,5
4796,5,29,5
4797,0,15,7
4798,1,35,4
4799,3,34,4
4800,17,27,2
4801,23,10,3
4802,19,13,3
4803,5,42,0
4804,20,33,1
4805,0,16,6
4806,20,35,0
4807,27,1,3
4808,14,6,5
4809,5,14,5
4810,14,13,4
4811,22,21,2
4812,4,17,5
4813,24,27,2
4814,24,9,3
4815,12,39,0
4816,12,13,5
4817,27,12,3
4818,23,28,2
4819,12,33,3
4820,0,5,7
4821,23,3,4
4822,8,40,1
4823,28,16,2
4824,28,30,1
4825,5,45,0
4826,15,20,3
4827,7,34,1
4828,10,25,5
4829,6,45,0
4830,1,2,7
4831,26,25,2
4832,11,36,3
4833,13,1,5
4834,4,31,5
4835,1,37,1
4836,21,3,4
4837,5,35,3
4838,12,30,3
4839,22,2,4
4840,2,45,1
4841,28,9,2
4842,3,9,6
4843,25,27,1
4844,8,40,2
4845,7,3,6
4846,26,16,3
4847,3,32,4
4848,1,14,6
4849,0,36,4
4850,27,5,3
4851,13,8,5
4852,28,24,2
4853,13,0,5
4854,25,26,2
4855,8,28,4
4856,19,31,2
4857,1,16,6
4858,27,31,0
4859,14,40,0
4860,22,34,0
4861,13,2,5
4862,2,26,6
4863,25,8,3
4864,8,33,3
4865,17,28,3
4866,7,21,5
4867,7,29,4
4868,26,10,3
4869,10,42,0
4870,18,13,4
4871,23,4,4
4872,19,13,4
4873,9,26,5
4874,19,32,2
4875,25,31,1
4876,23,7,4
4877,4,17,6
4878,5,16,6
4879,6,12,5
4880,15,22,4
4881,13,30,3
4882,4,27,2
4883,22,29,2
4884,1,13,6
4885,18,4,4
4886,21,24,2
4887,19,11,4
4888,15,38,0
4889,10,6,5
4890,16,26,4
4891,16,33,2
4892,10,35,3
4893,7,0,6
4894,26,14,3
4895,12,40,2
4896,20,9,4
4897,3,24,5
4898,11,6,5
4899,12,12,5
4900,9,13,5
4901,8,44,0
4902,6,8,6
4903,26,6,3
4904,0,18,6
4905,15,2,5
4906,11,31,3
4907,13,15,4
4908,5,24,6
4909,3,19,5
4910,22,9,4
4911,6,3,6
4912,13,35,3
4913,0,44,2
4914,3,21,6
4915,7,39,2
4916,13,29,4
4917,20,12,4
4918,21,22,3
4919,22,38,0
4920,5,37,3
4921,24,35,0
4922,22,18,3
4923,24,33,0
4924,27,17,2
4925,16,3,5
4926,5,5,6
4927,0,16,7
4928,17,27,3
4929,10,38,1
4930,19,35,1
4931,21,4,4
4932,22,5,4
4933,9,22,5
4934,7,16,6
4935,22,9,3
4936,2,47,0
4937,20,25,2
4938,25,19,3
4939,11,42,0
4940,29,28,1
4941,1,3,7
4942,7,34,4
4943,8,4,6
4944,15,28,4
4945,13,35,1
4946,14,21,4
4947,21,27,3
4948,12,16,5
4949,0,6,7
4950,28,29,0
4951,13,35,2
4952,9,7,5
4953,23,18,3
4954,11,14,5
4955,28,18,2
4956,10,26,5
4957,9,41,0
4958,21,8,4
4959,2,0,7
4960,9,20,5
4961,2,36,1
4962,17,37,0
4963,15,28,3
4964,1,23,6
4965,11,24,5
4966,24,28,1
4967,5,36,1
4968,19,24,3
4969,13,39,0
4970,16,21,4
4971,1,38,1
4972,6,30,4
4973,14,20,4
4974,13,24,5
4975,18,15,4
4976,26,12,3
4977,14,4,5
4978,13,15,5
4979,16,8,5
4980,25,16,3
4981,9,27,4
4982,21,10,3
4983,16,17,4
4984,3,19,6
4985,19,3,4
4986,12,3,5
4987,23,8,4
4988,28,34,0
4989,14,7,5
4990,2,20,6
4991,5,22,6
4992,2,32,5
4993,13,32,3
4994,26,32,0
4995,19,12,3
4996,21,0,4
4997,15,27,4
4998,1,47,1
4999,28,14,2
5000,5,31,4
5001,15,21,3
5002,7,34,3
5003,13,25,4
5004,21,30,2
5005,6,37,1
5006,2,19,6
5007,23,21,3
5008,4,18,5
5009,16,27,3
5010,7,1,6
5011,2,14,7
5012,27,13,3
5013,19,14,4
5014,0,17,7
5015,21,2,4
5016,12,26,4
5017,6,23,5
5018,19,26,2
5019,11,35,1
5020,19,36,1
5021,23,11,3
5022,10,19,5
5023,3,26,6
5024,9,30,4
5025,13,21,4
5026,11,40,0
5027,27,23,1
5028,20,24,3
5029,10,43,0
5030,0,17,6
5031,14,41,0
5032,2,1,7
5033,27,26,2
5034,19,36,0
5035,15,29,3
5036,18,38,0
5037,6,13,5
5038,7,11,5
5039,9,3,6
5040,1,43,1
5041,14,24,4
5042,25,27,2
5043,2,44,1
5044,8,7,6
5045,26,15,3
5046,21,30,1
5047,2,12,6
5048,11,5,5
5049,24,6,4
5050,4,27,5
5051,22,11,3
5052,25,9,3
5053,16,20,3
5054,10,32,3
5055,7,7,6
5056,5,26,5
5057,11,27,4
5058,5,7,6
5059,30,26,0
5060,24,32,1
5061,13,5,5
5062,21,39,0
5063,1,4,7
5064,4,46,0
5065,1,15,6
5066,22,6,4
5067,6,22,5
5068,20,15,4
5069,5,6,6
5070,5,25,5
5071,14,23,4
5072,24,28,2
5073,6,25,5
5074,4,8,6
5075,13,9,5
5076,27,2,3
5077,4,26,5
5078,27,19,2
5079,7,43,1
5080,17,19,4
5081,15,34,2
5082,27,6,3
5083,17,29,3
5084,0,24,6
5085,18,8,4
5086,6,15,6
5087,18,6,4
5088,27,9,3
5089,12,4,5
5090,15,18,4
5091,4,34,3
5092,0,19,6
5093,12,31,3
5094,7,22,5
5095,19,4,4
5096,10,40,0
5097,5,36,4
5098,26,7,3
5099,21,33,1
5100,11,38,2
5101,21,35,0
5102,29,25,1
5103,1,40,3
5104,24,9,4
5105,15,13,4
5106,25,32,1
5107,6,4,6
5108,14,1,5
5109,9,2,6
5110,28,22,2
5111,20,14,3
5112,24,3,4
5113,7,9,6
5114,17,10,4
5115,11,15,5
5116,5,15,5
5117,21,25,3
5118,6,35,3
5119,24,10,3
5120,15,6,5
5121,9,27,5
5122,0,7,7
5123,24,10,4
5124,23,21,2
5125,3,36,4
5126,28,11,2
5127,14,39,2
5128,15,23,4
5129,6,36,1
5130,19,18,4
5131,8,36,3
5132,7,24,5
5133,14,0,5
5134,6,29,5
5135,12,42,0
5136,23,2,4
5137,14,39,0
5138,13,13,5
5139,9,25,4
5140,5,23,6
5141,13,33,3
5142,5,17,5
5143,17,8,4
5144,1,29,5
5145,5,42,1
5146,2,28,5
5147,8,15,6
5148,24,30,2
5149,2,18,7
5150,2,15,7
5151,14,30,3
5152,8,10,5
5153,20,40,0
5154,22,24,2
5155,23,1,4
5156,22,31,2
5157,23,19,2
5158,20,28,3
5159,3,32,5
5160,10,12,5
5161,11,25,5
5162,23,34,0
5163,3,4,7
5164,8,3,6
5165,21,1,4
5166,24,7,4
5167,27,36,0
5168,12,36,3
5169,2,33,4
5170,7,2,6
5171,9,40,2
5172,9,33,3
5173,11,18,4
5174,9,36,3
5175,20,13,4
5176,4,11,6
5177,0,32,5
5178,24,4,4
5179,23,29,2
5180,8,24,5
5181,16,28,2
5182,12,17,5
5183,20,32,2
5184,22,15,3
5185,8,5,6
5186,21,6,4
5187,5,10,6
5188,13,37,2
5189,8,0,6
5190,26,18,3
5191,15,3,5
5192,0,48,1
5193,14,2,5
5194,20,39,0
5195,3,40,3
5196,28,15,2
5197,19,14,3
5198,4,21,6
5199,16,26,3
5200,2,35,4
5201,26,37,0
5202,16,8,4
5203,7,45,0
5204,23,9,4
5205,9,14,5
5206,17,33,2
5207,7,12,5
5208,2,14,6
5209,16,22,4
5210,16,38,0
5211,16,20,4
5212,9,28,4
5213,22,23,3
5214,14,3,5
5215,25,33,0
5216,11,11,5
5217,23,14,3
5218,3,14,6
5219,14,19,4
5220,21,12,4
5221,21,21,2
5222,14,12,5
5223,8,29,4
5224,6,16,6
5225,8,21,5
5226,16,2,5
5227,30,29,0
5228,5,17,6
5229,23,24,3
5230,20,31,2
5231,20,8,4
5232,0,41,3
5233,23,38,0
5234,4,10,6
5235,3,45,1
5236,6,14,6
5237,2,13,6
5238,0,18,7
5239,2,7,7
5240,25,17,3
5241,22,10,3
5242,4,26,6
5243,21,11,3
5244,10,18,5
5245,1,36,4
5246,6,11,6
5247,20,35,1
5248,18,5,4
5249,9,18,5
5250,2,2,7
5251,24,25,3
5252,2,15,6
5253,0,21,7
5254,17,19,3
5255,13,40,2
5256,18,34,1
5257,17,3,5
5258,13,31,3
5259,22,27,3
5260,4,18,6
5261,0,27,6
5262,19,26,3
5263,18,16,4
5264,8,28,5
5265,11,35,2
5266,3,10,6
5267,12,11,5
5268,0,26,6
5269,4,19,5
5270,21,23,2
5271,23,36,0
5272,15,21,4
5273,3,33,2
5274,25,20,3
5275,29,27,1
5276,6,14,5
5277,9,44,0
5278,18,19,4
5279,1,31,5
5280,3,20,6
5281,25,28,1
5282,27,31,1
5283,13,16,5
5284,0,22,7
5285,22,17,3
5286,10,37,2
5287,6,5,6
5288,16,37,1
5289,1,45,0
5290,22,11,4
5291,26,26,2
5292,10,17,4
5293,15,5,5
5294,8,16,6
5295,12,14,4
5296,12,14,5
5297,3,27,5
5298,22,24,3
5299,18,37,0
5300,14,35,2
5301,3,5,7
5302,24,8,4
5303,20,6,4
5304,12,18,5
5305,14,15,4
5306,4,40,3
5307,9,15,5
5308,16,5,5
5309,20,25,3
5310,7,17,6
5311,16,28,3
5312,23,19,3
5313,15,39,2
5314,1,14,7
5315,28,19,2
5316,2,19,7
5317,20,3,4
5318,7,30,4
5319,4,32,4
5320,17,22,4
5321,10,20,5
5322,14,24,5
5323,11,26,5
5324,17,11,4
5325,26,8,3
5326,11,19,4
5327,8,36,1
5328,10,41,0
5329,27,3,3
5330,22,19,3
5331,10,14,5
5332,2,47,1
5333,6,18,6
5334,6,24,6
5335,1,24,6
5336,22,30,2
5337,13,10,5
5338,20,14,4
5339,15,7,5
5340,2,40,3
5341,2,3,7
5342,2,22,6
5343,28,31,0
5344,14,15,5
5345,3,11,6
5346,21,40,0
5347,14,35,1
5348,24,22,2
5349,21,10,4
5350,14,32,3
5351,13,36,2
5352,20,26,2
5353,22,0,4
5354,4,37,3
5355,8,1,6
5356,24,18,3
5357,29,36,0
5358,20,17,3
5359,20,36,1
5360,1,6,7
5361,16,4,5
5362,2,38,1
5363,3,47,0
5364,7,10,6
5365,8,34,1
5366,1,5,7
5367,0,8,7
5368,4,9,6
5369,17,20,3
5370,14,25,4
5371,23,33,1
5372,7,29,5
5373,28,31,1
5374,15,19,4
5375,5,39,1
5376,4,4,7
5377,3,35,4
5378,8,24,6
5379,5,16,5
5380,12,15,5
5381,27,10,3
5382,17,37,1
5383,22,1,4
5384,3,27,6
5385,2,39,3
5386,22,30,1
5387,13,26,4
5388,20,36,0
5389,29,29,1
5390,14,5,5
5391,11,19,5
5392,20,27,3
5393,1,30,5
5394,5,25,6
5395,3,34,2
5396,30,24,0
5397,0,37,4
5398,12,5,5
5399,21,13,4
5400,6,31,4
5401,11,16,5
5402,22,39,0
5403,4,19,6
5404,8,11,5
5405,4,32,5
5406,20,15,3
5407,7,13,5
5408,4,22,6
5409,25,38,0
5410,14,42,0
5411,2,21,6
5412,8,34,3
5413,3,14,7
5414,1,17,6
5415,28,30,0
5416,7,23,5
5417,12,19,5
5418,8,33,4
5419,3,1,7
5420,12,30,4
5421,19,29,3
5422,12,38,2
5423,4,33,4
5424,9,4,6
5425,17,32,2
5426,22,33,1
5427,26,29,2
5428,11,43,0
5429,10,3,6
5430,2,30,5
5431,4,24,6
5432,19,6,4
5433,25,28,2
5434,12,18,4
5435,14,9,5
5436,11,32,3
5437,9,7,6
5438,13,14,5
5439,20,26,3
5440,6,6,6
5441,16,23,4
5442,19,8,4
5443,11,27,3
5444,22,35,0
5445,20,4,4
5446,12,40,0
5447,4,41,2
5448,13,4,5
5449,18,17,4
5450,3,0,7
5451,20,5,4
5452,24,12,3
5453,16,29,3
5454,9,16,4
5455,3,13,6
5456,2,27,6
5457,11,7,5
5458,16,34,2
5459,19,27,2
5460,19,19,4
5461,6,42,2
5462,22,25,3
5463,2,8,7
5464,5,27,5
5465,27,18,2
5466,5,8,6
5467,13,7,5
5468,25,3,4
5469,9,5,6
5470,14,29,4
5471,0,9,7
5472,9,36,1
5473,7,15,6
5474,15,24,5
5475,4,3,7
5476,8,22,5
5477,20,18,4
5478,13,3,5
5479,3,6,7
5480,17,8,5
5481,16,6,5
5482,24,2,4
5483,7,25,5
5484,12,27,4
5485,2,23,6
5486,0,19,7
5487,2,39,1
5488,29,33,0
5489,7,37,3
5490,6,15,5
5491,18,9,4
5492,17,20,4
5493,23,24,2
5494,2,4,7
5495,24,23,3
5496,10,2,6
5497,19,5,4
5498,5,46,0
5499,7,4,6
5500,28,23,2
5501,9,0,6
5502,15,40,0
5503,21,24,3
5504,27,32,0
5505,15,20,4
5506,23,5,4
5507,29,26,1
5508,23,20,3
5509,8,9,6
5510,17,26,4
5511,11,17,5
5512,17,17,4
5513,3,44,1
5514,21,28,3
5515,24,34,0
5516,14,13,5
5517,24,1,4
5518,6,36,4
5519,10,36,2
5520,25,7,4
5521,1,44,2
5522,15,39,0
5523,26,32,1
5524,23,31,2
5525,3,36,1
5526,6,38,3
5527,2,16,7
5528,13,42,0
5529,17,4,5
5530,11,18,5
5531,16,28,4
5532,26,11,3
5533,9,10,5
5534,21,31,2
5535,9,24,5
5536,20,37,0
5537,14,33,3
5538,15,30,3
5539,25,4,4
5540,15,0,5
5541,23,12,3
5542,26,19,3
5543,25,29,2
5544,22,14,4
5545,21,32,2
5546,21,12,3
5547,18,20,4
5548,14,17,5
5549,0,23,7
5550,7,36,1
5551,5,32,4
5552,12,25,5
5553,1,7,7
5554,9,38,2
5555,13,17,5
5556,21,5,4
5557,5,26,6
5558,18,27,3
5559,6,12,6
5560,23,13,3
5561,11,13,5
5562,6,39,3
5563,23,22,3
5564,30,27,0
5565,25,18,3
5566,21,17,3
5567,13,36,3
5568,14,40,2
5569,26,33,0
5570,22,12,4
5571,3,23,6
5572,12,6,5
5573,2,40,1
5574,3,15,7
5575,23,39,0
5576,8,2,6
5577,18,10,4
5578,2,29,5
5579,3,28,5
5580,19,27,3
5581,0,45,2
5582,9,23,5
5583,9,21,5
5584,10,27,5
5585,27,21,2
5586,16,40,0
5587,7,23,6
5588,8,12,5
5589,15,1,5
5590,5,11,6
5591,18,33,2
5592,24,5,4
5593,17,38,0
5594,3,41,2
5595,25,8,4
5596,26,9,3
5597,27,8,3
5598,17,2,5
5599,26,17,3
5600,15,12,5
5601,22,36,0
5602,1,17,7
5603,21,36,1
5604,26,38,0
5605,10,28,4
5606,0,25,6
5607,24,29,2
5608,5,21,6
5609,18,21,4
5610,1,32,5
5611,9,19,5
5612,18,32,2
5613,14,16,5
5614,3,33,4
5615,7,14,5
5616,10,41,1
5617,18,3,5
5618,23,25,3
5619,0,33,5
5620,10,6,6
5621,9,20,6
5622,16,37,2
5623,6,17,6
5624,2,5,7
5625,9,6,6
5626,23,11,4
5627,9,15,6
5628,15,4,5
5629,7,5,6
5630,14,31,3
5631,23,22,2
5632,4,14,6
5633,13,11,5
5634,14,11,5
5635,23,27,2
5636,4,36,4
5637,3,37,1
5638,9,29,4
5639,10,33,3
5640,9,41,1
5641,7,11,6
5642,27,11,3
5643,4,13,6
5644,5,18,6
5645,0,28,6
5646,17,9,5
5647,3,29,5
5648,15,31,3
5649,25,34,0
5650,16,24,4
5651,8,45,0
5652,2,20,7
5653,19,28,3
5654,1,18,6
5655,19,37,0
5656,3,7,7
5657,8,6,6
5658,0,10,7
5659,7,14,6
5660,27,4,3
5661,25,21,3
5662,1,48,1
5663,23,0,4
5664,25,22,3
5665,10,13,5
5666,17,5,5
5667,9,1,6
5668,18,12,4
5669,8,34,4
5670,4,12,6
5671,9,28,5
5672,19,9,4
5673,3,2,7
5674,18,19,3
5675,18,28,3
5676,0,11,7
5677,15,25,4
5678,19,19,3
5679,12,10,5
5680,18,22,4
5681,16,33,1
5682,21,14,4
5683,18,18,4
5684,23,30,2
5685,26,20,3
5686,15,35,2
5687,26,13,3
5688,2,17,7
5689,5,9,6
5690,11,37,2
5691,3,40,1
5692,30,28,0
5693,10,44,0
5694,22,10,4
5695,13,18,5
5696,1,25,6
5697,24,11,4
5698,9,16,6
5699,7,6,6
5700,14,18,5
5701,23,23,3
5702,15,29,4
5703,12,19,4
5704,15,24,4
5705,17,21,4
5706,10,15,5
5707,7,24,6
5708,10,4,6
5709,21,26,2
5710,22,40,0
5711,3,12,6
5712,6,16,5
5713,2,22,7
5714,16,7,5
5715,18,23,4
5716,20,10,4
5717,15,15,5
5718,11,41,0
5719,8,17,6
5720,15,10,5
5721,2,37,1
